accuracy,actual_evidence_position,answer_bearing_accuracy,answer_bearing_correct_n,answer_bearing_scored_n,artifact_sha256,artifact_size_bytes,artifact_uri,attempted_n,completed_n,condition_id,context_instance_id,context_sha256,correct_n,end_to_end_success,error_n,exact_accuracy,exact_correct_n,exact_scored_n,experiment_id,failure_n,failure_rate,format_scored_n,format_valid_n,format_validity,invalid_output_n,median_decode_tokens_per_second,median_peak_memory_bytes,median_post_first_chunk_output_tok_s,median_prefill_tokens_per_second,median_prompt_throughput_proxy_tok_s,median_stream_ttft_s,median_total_s,median_ttft_s,n,quantization_type,raw_results,raw_results_sha256,requested_evidence_position,runtime_error_n,scored_accuracy,scored_n,scorer_error_n,scorer_version,target_context_tokens,task_catalog,task_catalog_sha256,task_id,task_type,variant_condition_id,variant_label
0.0,0.499755859375,1.0,1,1,8b259e30f860c924fa1fd12d459343e8c2520eb12741f943ad5dcea5d1c4d120,16810714336,artifacts/q4_k_m.gguf,1,1,q4_k_m:ctx32768,task.literal.000001:baseline:ctx032768:p050:seed1043,742a7775efbfdc8d4bbba7f3ceed53d016a9c5b129f96366186a71ac8e1982fd,0,0.0,0,0.0,0,1,exp_002,0,0.0,1,0,0.0,0,,16636411904.0,10.256572832606349,,95.0445977981632,345.206363750156,346.2788467500359,345.206363750156,1,Q4_K_M,/Users/shotomorisaki/Engineering/qwen-meetup-tokyo/experiments/exp_002-quantization_llama_cpp_gguf/results/raw/full-capability.jsonl,0d222dfe0ff801c93d39f8d24d367dd013c02a860f982bf711dab0b77107c092,0.5,0,0.0,1,0,calibrated.v1,32768,data/tasks/core.v002.jsonl,7631adc23aab29b0a1b06fae51267a940aa9f86d58dbe830724a3a2bc8703512,task.literal.000001,literal_retrieval,q4_k_m,Q4_K_M
0.0,0.4990234375,1.0,1,1,8b259e30f860c924fa1fd12d459343e8c2520eb12741f943ad5dcea5d1c4d120,16810714336,artifacts/q4_k_m.gguf,1,1,q4_k_m:ctx8192,task.literal.000001:baseline:ctx008192:p050:seed1043,c3ebbc47848d1dad8594046b23538278b62080373e923c75c6fd6db179d394fc,0,0.0,0,0.0,0,1,exp_002,0,0.0,1,0,0.0,0,,16617750528.0,12.261926446978663,,110.26110353407591,74.67728633293882,75.57437212509103,74.67728633293882,1,Q4_K_M,/Users/shotomorisaki/Engineering/qwen-meetup-tokyo/experiments/exp_002-quantization_llama_cpp_gguf/results/raw/full-capability.jsonl,0d222dfe0ff801c93d39f8d24d367dd013c02a860f982bf711dab0b77107c092,0.5,0,0.0,1,0,calibrated.v1,8192,data/tasks/core.v002.jsonl,7631adc23aab29b0a1b06fae51267a940aa9f86d58dbe830724a3a2bc8703512,task.literal.000001,literal_retrieval,q4_k_m,Q4_K_M
0.0,0.499755859375,1.0,1,1,48fbca2bc04f59297981aabd0dbbe5e51efa8df13595e7c694164e652c3879d6,19535701216,artifacts/q5_k_m.gguf,1,1,q5_k_m:ctx32768,task.literal.000001:baseline:ctx032768:p050:seed1043,742a7775efbfdc8d4bbba7f3ceed53d016a9c5b129f96366186a71ac8e1982fd,0,0.0,0,0.0,0,1,exp_002,0,0.0,1,0,0.0,0,,20789428224.0,8.87097906691967,,88.15882671379549,372.16919987509027,373.4091982920654,372.16919987509027,1,Q5_K_M,/Users/shotomorisaki/Engineering/qwen-meetup-tokyo/experiments/exp_002-quantization_llama_cpp_gguf/results/raw/full-capability.jsonl,0d222dfe0ff801c93d39f8d24d367dd013c02a860f982bf711dab0b77107c092,0.5,0,0.0,1,0,calibrated.v1,32768,data/tasks/core.v002.jsonl,7631adc23aab29b0a1b06fae51267a940aa9f86d58dbe830724a3a2bc8703512,task.literal.000001,literal_retrieval,q5_k_m,Q5_K_M
0.0,0.4990234375,1.0,1,1,48fbca2bc04f59297981aabd0dbbe5e51efa8df13595e7c694164e652c3879d6,19535701216,artifacts/q5_k_m.gguf,1,1,q5_k_m:ctx8192,task.literal.000001:baseline:ctx008192:p050:seed1043,c3ebbc47848d1dad8594046b23538278b62080373e923c75c6fd6db179d394fc,0,0.0,0,0.0,0,1,exp_002,0,0.0,1,0,0.0,0,,20734787584.0,10.654426769197048,,101.65087495014984,81.00274595804513,82.0351806669496,81.00274595804513,1,Q5_K_M,/Users/shotomorisaki/Engineering/qwen-meetup-tokyo/experiments/exp_002-quantization_llama_cpp_gguf/results/raw/full-capability.jsonl,0d222dfe0ff801c93d39f8d24d367dd013c02a860f982bf711dab0b77107c092,0.5,0,0.0,1,0,calibrated.v1,8192,data/tasks/core.v002.jsonl,7631adc23aab29b0a1b06fae51267a940aa9f86d58dbe830724a3a2bc8703512,task.literal.000001,literal_retrieval,q5_k_m,Q5_K_M
0.0,0.499755859375,1.0,1,1,1f6a8e5d44e8cea0927908fd701348906de3e705564611169cc324f4c8bf8722,22430999776,artifacts/q6_k.gguf,1,1,q6_k:ctx32768,task.literal.000001:baseline:ctx032768:p050:seed1043,742a7775efbfdc8d4bbba7f3ceed53d016a9c5b129f96366186a71ac8e1982fd,0,0.0,0,0.0,0,1,exp_002,0,0.0,1,0,0.0,0,,24269946880.0,8.546333979036078,,91.7414919229423,357.63534375000745,358.9224453337956,357.63534375000745,1,Q6_K,/Users/shotomorisaki/Engineering/qwen-meetup-tokyo/experiments/exp_002-quantization_llama_cpp_gguf/results/raw/full-capability.jsonl,0d222dfe0ff801c93d39f8d24d367dd013c02a860f982bf711dab0b77107c092,0.5,0,0.0,1,0,calibrated.v1,32768,data/tasks/core.v002.jsonl,7631adc23aab29b0a1b06fae51267a940aa9f86d58dbe830724a3a2bc8703512,task.literal.000001,literal_retrieval,q6_k,Q6_K
0.0,0.4990234375,1.0,1,1,1f6a8e5d44e8cea0927908fd701348906de3e705564611169cc324f4c8bf8722,22430999776,artifacts/q6_k.gguf,1,1,q6_k:ctx8192,task.literal.000001:baseline:ctx008192:p050:seed1043,c3ebbc47848d1dad8594046b23538278b62080373e923c75c6fd6db179d394fc,0,0.0,0,0.0,0,1,exp_002,0,0.0,1,0,0.0,0,,24208850944.0,9.885128445897433,,107.01290900876617,76.94398812507279,78.05677083297633,76.94398812507279,1,Q6_K,/Users/shotomorisaki/Engineering/qwen-meetup-tokyo/experiments/exp_002-quantization_llama_cpp_gguf/results/raw/full-capability.jsonl,0d222dfe0ff801c93d39f8d24d367dd013c02a860f982bf711dab0b77107c092,0.5,0,0.0,1,0,calibrated.v1,8192,data/tasks/core.v002.jsonl,7631adc23aab29b0a1b06fae51267a940aa9f86d58dbe830724a3a2bc8703512,task.literal.000001,literal_retrieval,q6_k,Q6_K
0.0,0.499755859375,1.0,1,1,6cb70620c7811dce01e1a622fe0a4f9ac445e31c569640c36ecfac85c4609b6c,29047084256,artifacts/q8_0.gguf,1,1,q8_0:ctx32768,task.literal.000001:baseline:ctx032768:p050:seed1043,742a7775efbfdc8d4bbba7f3ceed53d016a9c5b129f96366186a71ac8e1982fd,0,0.0,0,0.0,0,1,exp_002,0,0.0,1,0,0.0,0,,30732894208.0,7.136258610790267,,97.77008576187943,335.5832179579884,337.12464191694744,335.5832179579884,1,Q8_0,/Users/shotomorisaki/Engineering/qwen-meetup-tokyo/experiments/exp_002-quantization_llama_cpp_gguf/results/raw/full-capability.jsonl,0d222dfe0ff801c93d39f8d24d367dd013c02a860f982bf711dab0b77107c092,0.5,0,0.0,1,0,calibrated.v1,32768,data/tasks/core.v002.jsonl,7631adc23aab29b0a1b06fae51267a940aa9f86d58dbe830724a3a2bc8703512,task.literal.000001,literal_retrieval,q8_0,Q8_0
0.0,0.4990234375,1.0,1,1,6cb70620c7811dce01e1a622fe0a4f9ac445e31c569640c36ecfac85c4609b6c,29047084256,artifacts/q8_0.gguf,1,1,q8_0:ctx8192,task.literal.000001:baseline:ctx008192:p050:seed1043,c3ebbc47848d1dad8594046b23538278b62080373e923c75c6fd6db179d394fc,0,0.0,0,0.0,0,1,exp_002,0,0.0,1,0,0.0,0,,30675746816.0,7.905022589978345,,112.00914890011396,73.5118522089906,74.90337258414365,73.5118522089906,1,Q8_0,/Users/shotomorisaki/Engineering/qwen-meetup-tokyo/experiments/exp_002-quantization_llama_cpp_gguf/results/raw/full-capability.jsonl,0d222dfe0ff801c93d39f8d24d367dd013c02a860f982bf711dab0b77107c092,0.5,0,0.0,1,0,calibrated.v1,8192,data/tasks/core.v002.jsonl,7631adc23aab29b0a1b06fae51267a940aa9f86d58dbe830724a3a2bc8703512,task.literal.000001,literal_retrieval,q8_0,Q8_0
0.0,0.499755859375,1.0,1,1,8b259e30f860c924fa1fd12d459343e8c2520eb12741f943ad5dcea5d1c4d120,16810714336,artifacts/q4_k_m.gguf,1,1,q4_k_m:ctx32768,task.literal.000002:baseline:ctx032768:p050:seed1046,db6f2736093beb0d343c16cefe1c0484e6244fb1fb3f28afab01b467f59025ff,0,0.0,0,0.0,0,1,exp_002,0,0.0,1,0,0.0,0,,16636411904.0,10.269164923181979,,95.07410575977734,345.1202589578461,346.1914268748369,345.1202589578461,1,Q4_K_M,/Users/shotomorisaki/Engineering/qwen-meetup-tokyo/experiments/exp_002-quantization_llama_cpp_gguf/results/raw/full-capability.jsonl,0d222dfe0ff801c93d39f8d24d367dd013c02a860f982bf711dab0b77107c092,0.5,0,0.0,1,0,calibrated.v1,32768,data/tasks/core.v002.jsonl,7631adc23aab29b0a1b06fae51267a940aa9f86d58dbe830724a3a2bc8703512,task.literal.000002,literal_retrieval,q4_k_m,Q4_K_M
0.0,0.4990234375,1.0,1,1,8b259e30f860c924fa1fd12d459343e8c2520eb12741f943ad5dcea5d1c4d120,16810714336,artifacts/q4_k_m.gguf,1,1,q4_k_m:ctx8192,task.literal.000002:baseline:ctx008192:p050:seed1046,59cf70db445f33566d2e890d8460fddecf37a36b0d314e0dcc16d25bb813b90b,0,0.0,0,0.0,0,1,exp_002,0,0.0,1,0,0.0,0,,16617881600.0,12.255151703848103,,108.25627473421902,76.07873095781542,76.97631266596727,76.07873095781542,1,Q4_K_M,/Users/shotomorisaki/Engineering/qwen-meetup-tokyo/experiments/exp_002-quantization_llama_cpp_gguf/results/raw/full-capability.jsonl,0d222dfe0ff801c93d39f8d24d367dd013c02a860f982bf711dab0b77107c092,0.5,0,0.0,1,0,calibrated.v1,8192,data/tasks/core.v002.jsonl,7631adc23aab29b0a1b06fae51267a940aa9f86d58dbe830724a3a2bc8703512,task.literal.000002,literal_retrieval,q4_k_m,Q4_K_M
0.0,0.499755859375,1.0,1,1,48fbca2bc04f59297981aabd0dbbe5e51efa8df13595e7c694164e652c3879d6,19535701216,artifacts/q5_k_m.gguf,1,1,q5_k_m:ctx32768,task.literal.000002:baseline:ctx032768:p050:seed1046,db6f2736093beb0d343c16cefe1c0484e6244fb1fb3f28afab01b467f59025ff,0,0.0,0,0.0,0,1,exp_002,0,0.0,1,0,0.0,0,,20789428224.0,8.865303600838052,,88.2081530188407,371.98375520901754,373.2245474588126,371.98375520901754,1,Q5_K_M,/Users/shotomorisaki/Engineering/qwen-meetup-tokyo/experiments/exp_002-quantization_llama_cpp_gguf/results/raw/full-capability.jsonl,0d222dfe0ff801c93d39f8d24d367dd013c02a860f982bf711dab0b77107c092,0.5,0,0.0,1,0,calibrated.v1,32768,data/tasks/core.v002.jsonl,7631adc23aab29b0a1b06fae51267a940aa9f86d58dbe830724a3a2bc8703512,task.literal.000002,literal_retrieval,q5_k_m,Q5_K_M
0.0,0.4990234375,1.0,1,1,48fbca2bc04f59297981aabd0dbbe5e51efa8df13595e7c694164e652c3879d6,19535701216,artifacts/q5_k_m.gguf,1,1,q5_k_m:ctx8192,task.literal.000002:baseline:ctx008192:p050:seed1046,59cf70db445f33566d2e890d8460fddecf37a36b0d314e0dcc16d25bb813b90b,0,0.0,0,0.0,0,1,exp_002,0,0.0,1,0,0.0,0,,20734820352.0,10.40710875143322,,99.80644888500474,82.51971783395857,83.57668766705319,82.51971783395857,1,Q5_K_M,/Users/shotomorisaki/Engineering/qwen-meetup-tokyo/experiments/exp_002-quantization_llama_cpp_gguf/results/raw/full-capability.jsonl,0d222dfe0ff801c93d39f8d24d367dd013c02a860f982bf711dab0b77107c092,0.5,0,0.0,1,0,calibrated.v1,8192,data/tasks/core.v002.jsonl,7631adc23aab29b0a1b06fae51267a940aa9f86d58dbe830724a3a2bc8703512,task.literal.000002,literal_retrieval,q5_k_m,Q5_K_M
0.0,0.499755859375,1.0,1,1,1f6a8e5d44e8cea0927908fd701348906de3e705564611169cc324f4c8bf8722,22430999776,artifacts/q6_k.gguf,1,1,q6_k:ctx32768,task.literal.000002:baseline:ctx032768:p050:seed1046,db6f2736093beb0d343c16cefe1c0484e6244fb1fb3f28afab01b467f59025ff,0,0.0,0,0.0,0,1,exp_002,0,0.0,1,0,0.0,0,,24269946880.0,8.513145588490998,,91.80455287317703,357.41146787488833,358.7035872079432,357.41146787488833,1,Q6_K,/Users/shotomorisaki/Engineering/qwen-meetup-tokyo/experiments/exp_002-quantization_llama_cpp_gguf/results/raw/full-capability.jsonl,0d222dfe0ff801c93d39f8d24d367dd013c02a860f982bf711dab0b77107c092,0.5,0,0.0,1,0,calibrated.v1,32768,data/tasks/core.v002.jsonl,7631adc23aab29b0a1b06fae51267a940aa9f86d58dbe830724a3a2bc8703512,task.literal.000002,literal_retrieval,q6_k,Q6_K
0.0,0.4990234375,1.0,1,1,1f6a8e5d44e8cea0927908fd701348906de3e705564611169cc324f4c8bf8722,22430999776,artifacts/q6_k.gguf,1,1,q6_k:ctx8192,task.literal.000002:baseline:ctx008192:p050:seed1046,59cf70db445f33566d2e890d8460fddecf37a36b0d314e0dcc16d25bb813b90b,0,0.0,0,0.0,0,1,exp_002,0,0.0,1,0,0.0,0,,24208867328.0,9.88643112306752,,104.76861614632509,78.61132754199207,79.72396362503059,78.61132754199207,1,Q6_K,/Users/shotomorisaki/Engineering/qwen-meetup-tokyo/experiments/exp_002-quantization_llama_cpp_gguf/results/raw/full-capability.jsonl,0d222dfe0ff801c93d39f8d24d367dd013c02a860f982bf711dab0b77107c092,0.5,0,0.0,1,0,calibrated.v1,8192,data/tasks/core.v002.jsonl,7631adc23aab29b0a1b06fae51267a940aa9f86d58dbe830724a3a2bc8703512,task.literal.000002,literal_retrieval,q6_k,Q6_K
0.0,0.499755859375,1.0,1,1,6cb70620c7811dce01e1a622fe0a4f9ac445e31c569640c36ecfac85c4609b6c,29047084256,artifacts/q8_0.gguf,1,1,q8_0:ctx32768,task.literal.000002:baseline:ctx032768:p050:seed1046,db6f2736093beb0d343c16cefe1c0484e6244fb1fb3f28afab01b467f59025ff,0,0.0,0,0.0,0,1,exp_002,0,0.0,1,0,0.0,0,,30732894208.0,7.140692330365825,,98.40114760502873,333.4513956250157,334.9918625000864,333.4513956250157,1,Q8_0,/Users/shotomorisaki/Engineering/qwen-meetup-tokyo/experiments/exp_002-quantization_llama_cpp_gguf/results/raw/full-capability.jsonl,0d222dfe0ff801c93d39f8d24d367dd013c02a860f982bf711dab0b77107c092,0.5,0,0.0,1,0,calibrated.v1,32768,data/tasks/core.v002.jsonl,7631adc23aab29b0a1b06fae51267a940aa9f86d58dbe830724a3a2bc8703512,task.literal.000002,literal_retrieval,q8_0,Q8_0
0.0,0.4990234375,1.0,1,1,6cb70620c7811dce01e1a622fe0a4f9ac445e31c569640c36ecfac85c4609b6c,29047084256,artifacts/q8_0.gguf,1,1,q8_0:ctx8192,task.literal.000002:baseline:ctx008192:p050:seed1046,59cf70db445f33566d2e890d8460fddecf37a36b0d314e0dcc16d25bb813b90b,0,0.0,0,0.0,0,1,exp_002,0,0.0,1,0,0.0,0,,30656610304.0,8.067438653356897,,114.74859265678224,71.77430075011216,73.13780662510544,71.77430075011216,1,Q8_0,/Users/shotomorisaki/Engineering/qwen-meetup-tokyo/experiments/exp_002-quantization_llama_cpp_gguf/results/raw/full-capability.jsonl,0d222dfe0ff801c93d39f8d24d367dd013c02a860f982bf711dab0b77107c092,0.5,0,0.0,1,0,calibrated.v1,8192,data/tasks/core.v002.jsonl,7631adc23aab29b0a1b06fae51267a940aa9f86d58dbe830724a3a2bc8703512,task.literal.000002,literal_retrieval,q8_0,Q8_0
0.0,0.499755859375,1.0,1,1,8b259e30f860c924fa1fd12d459343e8c2520eb12741f943ad5dcea5d1c4d120,16810714336,artifacts/q4_k_m.gguf,1,1,q4_k_m:ctx32768,task.literal.000003:baseline:ctx032768:p050:seed1047,5cccaeb45825882b9a4074d58c5299e48aad754d3528f4b6cf384a6b0c2034c9,0,0.0,0,0.0,0,1,exp_002,0,0.0,1,0,0.0,0,,16636428288.0,10.250995078695182,,95.0581672709877,345.18864545808174,345.96905749989673,345.18864545808174,1,Q4_K_M,/Users/shotomorisaki/Engineering/qwen-meetup-tokyo/experiments/exp_002-quantization_llama_cpp_gguf/results/raw/full-capability.jsonl,0d222dfe0ff801c93d39f8d24d367dd013c02a860f982bf711dab0b77107c092,0.5,0,0.0,1,0,calibrated.v1,32768,data/tasks/core.v002.jsonl,7631adc23aab29b0a1b06fae51267a940aa9f86d58dbe830724a3a2bc8703512,task.literal.000003,literal_retrieval,q4_k_m,Q4_K_M
0.0,0.4990234375,1.0,1,1,8b259e30f860c924fa1fd12d459343e8c2520eb12741f943ad5dcea5d1c4d120,16810714336,artifacts/q4_k_m.gguf,1,1,q4_k_m:ctx8192,task.literal.000003:baseline:ctx008192:p050:seed1047,e4ef253445550dfb5cb0c8e744d49371219f859588953c7e9a2342913b455996,0,0.0,0,0.0,0,1,exp_002,0,0.0,1,0,0.0,0,,16618045440.0,12.294721050311134,,107.42989210734223,76.67325954092667,77.48661675001495,76.67325954092667,1,Q4_K_M,/Users/shotomorisaki/Engineering/qwen-meetup-tokyo/experiments/exp_002-quantization_llama_cpp_gguf/results/raw/full-capability.jsonl,0d222dfe0ff801c93d39f8d24d367dd013c02a860f982bf711dab0b77107c092,0.5,0,0.0,1,0,calibrated.v1,8192,data/tasks/core.v002.jsonl,7631adc23aab29b0a1b06fae51267a940aa9f86d58dbe830724a3a2bc8703512,task.literal.000003,literal_retrieval,q4_k_m,Q4_K_M
1.0,0.499755859375,1.0,1,1,48fbca2bc04f59297981aabd0dbbe5e51efa8df13595e7c694164e652c3879d6,19535701216,artifacts/q5_k_m.gguf,1,1,q5_k_m:ctx32768,task.literal.000003:baseline:ctx032768:p050:seed1047,5cccaeb45825882b9a4074d58c5299e48aad754d3528f4b6cf384a6b0c2034c9,1,1.0,0,1.0,1,1,exp_002,0,0.0,1,1,1.0,0,,20789428224.0,8.90449012219359,,88.21563382592883,371.96354633406736,372.74966658395715,371.96354633406736,1,Q5_K_M,/Users/shotomorisaki/Engineering/qwen-meetup-tokyo/experiments/exp_002-quantization_llama_cpp_gguf/results/raw/full-capability.jsonl,0d222dfe0ff801c93d39f8d24d367dd013c02a860f982bf711dab0b77107c092,0.5,0,1.0,1,0,calibrated.v1,32768,data/tasks/core.v002.jsonl,7631adc23aab29b0a1b06fae51267a940aa9f86d58dbe830724a3a2bc8703512,task.literal.000003,literal_retrieval,q5_k_m,Q5_K_M
0.0,0.4990234375,1.0,1,1,48fbca2bc04f59297981aabd0dbbe5e51efa8df13595e7c694164e652c3879d6,19535701216,artifacts/q5_k_m.gguf,1,1,q5_k_m:ctx8192,task.literal.000003:baseline:ctx008192:p050:seed1047,e4ef253445550dfb5cb0c8e744d49371219f859588953c7e9a2342913b455996,0,0.0,0,0.0,0,1,exp_002,0,0.0,1,0,0.0,0,,20734820352.0,10.708555681365988,,98.90221646544985,83.28428112505935,84.21811387501657,83.28428112505935,1,Q5_K_M,/Users/shotomorisaki/Engineering/qwen-meetup-tokyo/experiments/exp_002-quantization_llama_cpp_gguf/results/raw/full-capability.jsonl,0d222dfe0ff801c93d39f8d24d367dd013c02a860f982bf711dab0b77107c092,0.5,0,0.0,1,0,calibrated.v1,8192,data/tasks/core.v002.jsonl,7631adc23aab29b0a1b06fae51267a940aa9f86d58dbe830724a3a2bc8703512,task.literal.000003,literal_retrieval,q5_k_m,Q5_K_M
1.0,0.499755859375,1.0,1,1,1f6a8e5d44e8cea0927908fd701348906de3e705564611169cc324f4c8bf8722,22430999776,artifacts/q6_k.gguf,1,1,q6_k:ctx32768,task.literal.000003:baseline:ctx032768:p050:seed1047,5cccaeb45825882b9a4074d58c5299e48aad754d3528f4b6cf384a6b0c2034c9,1,1.0,0,1.0,1,1,exp_002,0,0.0,1,1,1.0,0,,24269946880.0,8.517941980700645,,91.68782422453276,357.87739841709845,358.69919316703454,357.87739841709845,1,Q6_K,/Users/shotomorisaki/Engineering/qwen-meetup-tokyo/experiments/exp_002-quantization_llama_cpp_gguf/results/raw/full-capability.jsonl,0d222dfe0ff801c93d39f8d24d367dd013c02a860f982bf711dab0b77107c092,0.5,0,1.0,1,0,calibrated.v1,32768,data/tasks/core.v002.jsonl,7631adc23aab29b0a1b06fae51267a940aa9f86d58dbe830724a3a2bc8703512,task.literal.000003,literal_retrieval,q6_k,Q6_K
0.0,0.4990234375,1.0,1,1,1f6a8e5d44e8cea0927908fd701348906de3e705564611169cc324f4c8bf8722,22430999776,artifacts/q6_k.gguf,1,1,q6_k:ctx8192,task.literal.000003:baseline:ctx008192:p050:seed1047,e4ef253445550dfb5cb0c8e744d49371219f859588953c7e9a2342913b455996,0,0.0,0,0.0,0,1,exp_002,0,0.0,1,0,0.0,0,,24208867328.0,9.780129639690973,,103.67600974743678,79.44943116605282,80.47191249998286,79.44943116605282,1,Q6_K,/Users/shotomorisaki/Engineering/qwen-meetup-tokyo/experiments/exp_002-quantization_llama_cpp_gguf/results/raw/full-capability.jsonl,0d222dfe0ff801c93d39f8d24d367dd013c02a860f982bf711dab0b77107c092,0.5,0,0.0,1,0,calibrated.v1,8192,data/tasks/core.v002.jsonl,7631adc23aab29b0a1b06fae51267a940aa9f86d58dbe830724a3a2bc8703512,task.literal.000003,literal_retrieval,q6_k,Q6_K
0.0,0.499755859375,1.0,1,1,6cb70620c7811dce01e1a622fe0a4f9ac445e31c569640c36ecfac85c4609b6c,29047084256,artifacts/q8_0.gguf,1,1,q8_0:ctx32768,task.literal.000003:baseline:ctx032768:p050:seed1047,5cccaeb45825882b9a4074d58c5299e48aad754d3528f4b6cf384a6b0c2034c9,0,0.0,0,0.0,0,1,exp_002,0,0.0,1,0,0.0,0,,30732926976.0,7.149084396671071,,98.62226029100053,332.71393195795827,333.83295637508854,332.71393195795827,1,Q8_0,/Users/shotomorisaki/Engineering/qwen-meetup-tokyo/experiments/exp_002-quantization_llama_cpp_gguf/results/raw/full-capability.jsonl,0d222dfe0ff801c93d39f8d24d367dd013c02a860f982bf711dab0b77107c092,0.5,0,0.0,1,0,calibrated.v1,32768,data/tasks/core.v002.jsonl,7631adc23aab29b0a1b06fae51267a940aa9f86d58dbe830724a3a2bc8703512,task.literal.000003,literal_retrieval,q8_0,Q8_0
0.0,0.4990234375,1.0,1,1,6cb70620c7811dce01e1a622fe0a4f9ac445e31c569640c36ecfac85c4609b6c,29047084256,artifacts/q8_0.gguf,1,1,q8_0:ctx8192,task.literal.000003:baseline:ctx008192:p050:seed1047,e4ef253445550dfb5cb0c8e744d49371219f859588953c7e9a2342913b455996,0,0.0,0,0.0,0,1,exp_002,0,0.0,1,0,0.0,0,,30660067328.0,8.087699512981692,,111.34061536333826,73.98019108409062,75.21663662511855,73.98019108409062,1,Q8_0,/Users/shotomorisaki/Engineering/qwen-meetup-tokyo/experiments/exp_002-quantization_llama_cpp_gguf/results/raw/full-capability.jsonl,0d222dfe0ff801c93d39f8d24d367dd013c02a860f982bf711dab0b77107c092,0.5,0,0.0,1,0,calibrated.v1,8192,data/tasks/core.v002.jsonl,7631adc23aab29b0a1b06fae51267a940aa9f86d58dbe830724a3a2bc8703512,task.literal.000003,literal_retrieval,q8_0,Q8_0
1.0,0.49981689453125,1.0,1,1,8b259e30f860c924fa1fd12d459343e8c2520eb12741f943ad5dcea5d1c4d120,16810714336,artifacts/q4_k_m.gguf,1,1,q4_k_m:ctx32768,task.literal.000004:baseline:ctx032768:p050:seed1048,2cf85603037a97818c3c16683a33a0b5a6270de056bd4e780c00c8826c93af44,1,1.0,0,1.0,1,1,exp_002,0,0.0,1,1,1.0,0,,16636411904.0,10.283213781150003,,95.07272469723301,345.1147540421225,345.7954750841018,345.1147540421225,1,Q4_K_M,/Users/shotomorisaki/Engineering/qwen-meetup-tokyo/experiments/exp_002-quantization_llama_cpp_gguf/results/raw/full-capability.jsonl,0d222dfe0ff801c93d39f8d24d367dd013c02a860f982bf711dab0b77107c092,0.5,0,1.0,1,0,calibrated.v1,32768,data/tasks/core.v002.jsonl,7631adc23aab29b0a1b06fae51267a940aa9f86d58dbe830724a3a2bc8703512,task.literal.000004,literal_retrieval,q4_k_m,Q4_K_M
0.0,0.499267578125,1.0,1,1,8b259e30f860c924fa1fd12d459343e8c2520eb12741f943ad5dcea5d1c4d120,16810714336,artifacts/q4_k_m.gguf,1,1,q4_k_m:ctx8192,task.literal.000004:baseline:ctx008192:p050:seed1048,1597623490d80fd77f0aec3c16a336f4ca490d89befbb16b5d964a32260fe67b,0,0.0,0,0.0,0,1,exp_002,0,0.0,1,0,0.0,0,,16618160128.0,12.224211749785875,,106.44425451659997,77.36443866696209,78.10068245790899,77.36443866696209,1,Q4_K_M,/Users/shotomorisaki/Engineering/qwen-meetup-tokyo/experiments/exp_002-quantization_llama_cpp_gguf/results/raw/full-capability.jsonl,0d222dfe0ff801c93d39f8d24d367dd013c02a860f982bf711dab0b77107c092,0.5,0,0.0,1,0,calibrated.v1,8192,data/tasks/core.v002.jsonl,7631adc23aab29b0a1b06fae51267a940aa9f86d58dbe830724a3a2bc8703512,task.literal.000004,literal_retrieval,q4_k_m,Q4_K_M
1.0,0.49981689453125,1.0,1,1,48fbca2bc04f59297981aabd0dbbe5e51efa8df13595e7c694164e652c3879d6,19535701216,artifacts/q5_k_m.gguf,1,1,q5_k_m:ctx32768,task.literal.000004:baseline:ctx032768:p050:seed1048,2cf85603037a97818c3c16683a33a0b5a6270de056bd4e780c00c8826c93af44,1,1.0,0,1.0,1,1,exp_002,0,0.0,1,1,1.0,0,,20789428224.0,8.927844048685362,,88.32761594740867,371.46932641696185,372.25339029193856,371.46932641696185,1,Q5_K_M,/Users/shotomorisaki/Engineering/qwen-meetup-tokyo/experiments/exp_002-quantization_llama_cpp_gguf/results/raw/full-capability.jsonl,0d222dfe0ff801c93d39f8d24d367dd013c02a860f982bf711dab0b77107c092,0.5,0,1.0,1,0,calibrated.v1,32768,data/tasks/core.v002.jsonl,7631adc23aab29b0a1b06fae51267a940aa9f86d58dbe830724a3a2bc8703512,task.literal.000004,literal_retrieval,q5_k_m,Q5_K_M
0.0,0.499267578125,1.0,1,1,48fbca2bc04f59297981aabd0dbbe5e51efa8df13595e7c694164e652c3879d6,19535701216,artifacts/q5_k_m.gguf,1,1,q5_k_m:ctx8192,task.literal.000004:baseline:ctx008192:p050:seed1048,1597623490d80fd77f0aec3c16a336f4ca490d89befbb16b5d964a32260fe67b,0,0.0,0,0.0,0,1,exp_002,0,0.0,1,0,0.0,0,,20734820352.0,10.531956445348948,,98.22622443736549,83.83708166703582,84.69162375014275,83.83708166703582,1,Q5_K_M,/Users/shotomorisaki/Engineering/qwen-meetup-tokyo/experiments/exp_002-quantization_llama_cpp_gguf/results/raw/full-capability.jsonl,0d222dfe0ff801c93d39f8d24d367dd013c02a860f982bf711dab0b77107c092,0.5,0,0.0,1,0,calibrated.v1,8192,data/tasks/core.v002.jsonl,7631adc23aab29b0a1b06fae51267a940aa9f86d58dbe830724a3a2bc8703512,task.literal.000004,literal_retrieval,q5_k_m,Q5_K_M
1.0,0.49981689453125,1.0,1,1,1f6a8e5d44e8cea0927908fd701348906de3e705564611169cc324f4c8bf8722,22430999776,artifacts/q6_k.gguf,1,1,q6_k:ctx32768,task.literal.000004:baseline:ctx032768:p050:seed1048,2cf85603037a97818c3c16683a33a0b5a6270de056bd4e780c00c8826c93af44,1,1.0,0,1.0,1,1,exp_002,0,0.0,1,1,1.0,0,,24269946880.0,8.540307429189271,,91.68619785107926,357.8619330828078,358.6815757078584,357.8619330828078,1,Q6_K,/Users/shotomorisaki/Engineering/qwen-meetup-tokyo/experiments/exp_002-quantization_llama_cpp_gguf/results/raw/full-capability.jsonl,0d222dfe0ff801c93d39f8d24d367dd013c02a860f982bf711dab0b77107c092,0.5,0,1.0,1,0,calibrated.v1,32768,data/tasks/core.v002.jsonl,7631adc23aab29b0a1b06fae51267a940aa9f86d58dbe830724a3a2bc8703512,task.literal.000004,literal_retrieval,q6_k,Q6_K
0.0,0.499267578125,1.0,1,1,1f6a8e5d44e8cea0927908fd701348906de3e705564611169cc324f4c8bf8722,22430999776,artifacts/q6_k.gguf,1,1,q6_k:ctx8192,task.literal.000004:baseline:ctx008192:p050:seed1048,1597623490d80fd77f0aec3c16a336f4ca490d89befbb16b5d964a32260fe67b,0,0.0,0,0.0,0,1,exp_002,0,0.0,1,0,0.0,0,,24208867328.0,9.816594652340964,,103.36308203886995,79.67061195895076,80.58742683404125,79.67061195895076,1,Q6_K,/Users/shotomorisaki/Engineering/qwen-meetup-tokyo/experiments/exp_002-quantization_llama_cpp_gguf/results/raw/full-capability.jsonl,0d222dfe0ff801c93d39f8d24d367dd013c02a860f982bf711dab0b77107c092,0.5,0,0.0,1,0,calibrated.v1,8192,data/tasks/core.v002.jsonl,7631adc23aab29b0a1b06fae51267a940aa9f86d58dbe830724a3a2bc8703512,task.literal.000004,literal_retrieval,q6_k,Q6_K
1.0,0.49981689453125,1.0,1,1,6cb70620c7811dce01e1a622fe0a4f9ac445e31c569640c36ecfac85c4609b6c,29047084256,artifacts/q8_0.gguf,1,1,q8_0:ctx32768,task.literal.000004:baseline:ctx032768:p050:seed1048,2cf85603037a97818c3c16683a33a0b5a6270de056bd4e780c00c8826c93af44,1,1.0,0,1.0,1,1,exp_002,0,0.0,1,1,1.0,0,,30732894208.0,7.139001106616997,,98.49169271400244,333.13469487498514,334.1152242089156,333.13469487498514,1,Q8_0,/Users/shotomorisaki/Engineering/qwen-meetup-tokyo/experiments/exp_002-quantization_llama_cpp_gguf/results/raw/full-capability.jsonl,0d222dfe0ff801c93d39f8d24d367dd013c02a860f982bf711dab0b77107c092,0.5,0,1.0,1,0,calibrated.v1,32768,data/tasks/core.v002.jsonl,7631adc23aab29b0a1b06fae51267a940aa9f86d58dbe830724a3a2bc8703512,task.literal.000004,literal_retrieval,q8_0,Q8_0
0.0,0.499267578125,1.0,1,1,6cb70620c7811dce01e1a622fe0a4f9ac445e31c569640c36ecfac85c4609b6c,29047084256,artifacts/q8_0.gguf,1,1,q8_0:ctx8192,task.literal.000004:baseline:ctx008192:p050:seed1048,1597623490d80fd77f0aec3c16a336f4ca490d89befbb16b5d964a32260fe67b,0,0.0,0,0.0,0,1,exp_002,0,0.0,1,0,0.0,0,,30663114752.0,8.092622458592846,,112.18327515858435,73.40666412492283,74.51878816704266,73.40666412492283,1,Q8_0,/Users/shotomorisaki/Engineering/qwen-meetup-tokyo/experiments/exp_002-quantization_llama_cpp_gguf/results/raw/full-capability.jsonl,0d222dfe0ff801c93d39f8d24d367dd013c02a860f982bf711dab0b77107c092,0.5,0,0.0,1,0,calibrated.v1,8192,data/tasks/core.v002.jsonl,7631adc23aab29b0a1b06fae51267a940aa9f86d58dbe830724a3a2bc8703512,task.literal.000004,literal_retrieval,q8_0,Q8_0
0.0,0.499786376953125,1.0,1,1,8b259e30f860c924fa1fd12d459343e8c2520eb12741f943ad5dcea5d1c4d120,16810714336,artifacts/q4_k_m.gguf,1,1,q4_k_m:ctx32768,task.literal.000005:baseline:ctx032768:p050:seed1049,4993cf1f7eb0ea1092af78f5c03bd1ddf50995569e807223612e7c1533ae6eb8,0,0.0,0,0.0,0,1,exp_002,0,0.0,1,0,0.0,0,,16636411904.0,10.275736947943326,,95.08119423999148,345.05246029188856,346.1229431249667,345.05246029188856,1,Q4_K_M,/Users/shotomorisaki/Engineering/qwen-meetup-tokyo/experiments/exp_002-quantization_llama_cpp_gguf/results/raw/full-capability.jsonl,0d222dfe0ff801c93d39f8d24d367dd013c02a860f982bf711dab0b77107c092,0.5,0,0.0,1,0,calibrated.v1,32768,data/tasks/core.v002.jsonl,7631adc23aab29b0a1b06fae51267a940aa9f86d58dbe830724a3a2bc8703512,task.literal.000005,literal_retrieval,q4_k_m,Q4_K_M
1.0,0.4991455078125,1.0,1,1,8b259e30f860c924fa1fd12d459343e8c2520eb12741f943ad5dcea5d1c4d120,16810714336,artifacts/q4_k_m.gguf,1,1,q4_k_m:ctx8192,task.literal.000005:baseline:ctx008192:p050:seed1049,06578bbf5cac04e1947b3e17f72801d6f9fd06bdeb346df600addffaa15e3336,1,1.0,0,1.0,1,1,exp_002,0,0.0,1,1,1.0,0,,16618258432.0,12.188138389491831,,107.08159913437964,76.87595316604711,77.53232904104516,76.87595316604711,1,Q4_K_M,/Users/shotomorisaki/Engineering/qwen-meetup-tokyo/experiments/exp_002-quantization_llama_cpp_gguf/results/raw/full-capability.jsonl,0d222dfe0ff801c93d39f8d24d367dd013c02a860f982bf711dab0b77107c092,0.5,0,1.0,1,0,calibrated.v1,8192,data/tasks/core.v002.jsonl,7631adc23aab29b0a1b06fae51267a940aa9f86d58dbe830724a3a2bc8703512,task.literal.000005,literal_retrieval,q4_k_m,Q4_K_M
1.0,0.499786376953125,1.0,1,1,48fbca2bc04f59297981aabd0dbbe5e51efa8df13595e7c694164e652c3879d6,19535701216,artifacts/q5_k_m.gguf,1,1,q5_k_m:ctx32768,task.literal.000005:baseline:ctx032768:p050:seed1049,4993cf1f7eb0ea1092af78f5c03bd1ddf50995569e807223612e7c1533ae6eb8,1,1.0,0,1.0,1,1,exp_002,0,0.0,1,1,1.0,0,,20789428224.0,9.159522239478143,,88.27770796160482,371.6453537088819,372.5187617088668,371.6453537088819,1,Q5_K_M,/Users/shotomorisaki/Engineering/qwen-meetup-tokyo/experiments/exp_002-quantization_llama_cpp_gguf/results/raw/full-capability.jsonl,0d222dfe0ff801c93d39f8d24d367dd013c02a860f982bf711dab0b77107c092,0.5,0,1.0,1,0,calibrated.v1,32768,data/tasks/core.v002.jsonl,7631adc23aab29b0a1b06fae51267a940aa9f86d58dbe830724a3a2bc8703512,task.literal.000005,literal_retrieval,q5_k_m,Q5_K_M
1.0,0.4991455078125,1.0,1,1,48fbca2bc04f59297981aabd0dbbe5e51efa8df13595e7c694164e652c3879d6,19535701216,artifacts/q5_k_m.gguf,1,1,q5_k_m:ctx8192,task.literal.000005:baseline:ctx008192:p050:seed1049,06578bbf5cac04e1947b3e17f72801d6f9fd06bdeb346df600addffaa15e3336,1,1.0,0,1.0,1,1,exp_002,0,0.0,1,1,1.0,0,,20734820352.0,10.31226893714521,,98.45686574062914,83.61021791701205,84.38599287485704,83.61021791701205,1,Q5_K_M,/Users/shotomorisaki/Engineering/qwen-meetup-tokyo/experiments/exp_002-quantization_llama_cpp_gguf/results/raw/full-capability.jsonl,0d222dfe0ff801c93d39f8d24d367dd013c02a860f982bf711dab0b77107c092,0.5,0,1.0,1,0,calibrated.v1,8192,data/tasks/core.v002.jsonl,7631adc23aab29b0a1b06fae51267a940aa9f86d58dbe830724a3a2bc8703512,task.literal.000005,literal_retrieval,q5_k_m,Q5_K_M
1.0,0.499786376953125,1.0,1,1,1f6a8e5d44e8cea0927908fd701348906de3e705564611169cc324f4c8bf8722,22430999776,artifacts/q6_k.gguf,1,1,q6_k:ctx32768,task.literal.000005:baseline:ctx032768:p050:seed1049,4993cf1f7eb0ea1092af78f5c03bd1ddf50995569e807223612e7c1533ae6eb8,1,1.0,0,1.0,1,1,exp_002,0,0.0,1,1,1.0,0,,24269946880.0,8.522179878659248,,91.68383664225858,357.8384282500483,358.77715520886704,357.8384282500483,1,Q6_K,/Users/shotomorisaki/Engineering/qwen-meetup-tokyo/experiments/exp_002-quantization_llama_cpp_gguf/results/raw/full-capability.jsonl,0d222dfe0ff801c93d39f8d24d367dd013c02a860f982bf711dab0b77107c092,0.5,0,1.0,1,0,calibrated.v1,32768,data/tasks/core.v002.jsonl,7631adc23aab29b0a1b06fae51267a940aa9f86d58dbe830724a3a2bc8703512,task.literal.000005,literal_retrieval,q6_k,Q6_K
1.0,0.4991455078125,1.0,1,1,1f6a8e5d44e8cea0927908fd701348906de3e705564611169cc324f4c8bf8722,22430999776,artifacts/q6_k.gguf,1,1,q6_k:ctx8192,task.literal.000005:baseline:ctx008192:p050:seed1049,06578bbf5cac04e1947b3e17f72801d6f9fd06bdeb346df600addffaa15e3336,1,1.0,0,1.0,1,1,exp_002,0,0.0,1,1,1.0,0,,24208883712.0,9.859141617347506,,103.56823596036209,79.4838294161018,80.29525908315554,79.4838294161018,1,Q6_K,/Users/shotomorisaki/Engineering/qwen-meetup-tokyo/experiments/exp_002-quantization_llama_cpp_gguf/results/raw/full-capability.jsonl,0d222dfe0ff801c93d39f8d24d367dd013c02a860f982bf711dab0b77107c092,0.5,0,1.0,1,0,calibrated.v1,8192,data/tasks/core.v002.jsonl,7631adc23aab29b0a1b06fae51267a940aa9f86d58dbe830724a3a2bc8703512,task.literal.000005,literal_retrieval,q6_k,Q6_K
1.0,0.499786376953125,1.0,1,1,6cb70620c7811dce01e1a622fe0a4f9ac445e31c569640c36ecfac85c4609b6c,29047084256,artifacts/q8_0.gguf,1,1,q8_0:ctx32768,task.literal.000005:baseline:ctx032768:p050:seed1049,4993cf1f7eb0ea1092af78f5c03bd1ddf50995569e807223612e7c1533ae6eb8,1,1.0,0,1.0,1,1,exp_002,0,0.0,1,1,1.0,0,,30732894208.0,7.1539457592213855,,98.66056936147486,332.5340631250292,333.6523271249607,332.5340631250292,1,Q8_0,/Users/shotomorisaki/Engineering/qwen-meetup-tokyo/experiments/exp_002-quantization_llama_cpp_gguf/results/raw/full-capability.jsonl,0d222dfe0ff801c93d39f8d24d367dd013c02a860f982bf711dab0b77107c092,0.5,0,1.0,1,0,calibrated.v1,32768,data/tasks/core.v002.jsonl,7631adc23aab29b0a1b06fae51267a940aa9f86d58dbe830724a3a2bc8703512,task.literal.000005,literal_retrieval,q8_0,Q8_0
1.0,0.4991455078125,1.0,1,1,6cb70620c7811dce01e1a622fe0a4f9ac445e31c569640c36ecfac85c4609b6c,29047084256,artifacts/q8_0.gguf,1,1,q8_0:ctx8192,task.literal.000005:baseline:ctx008192:p050:seed1049,06578bbf5cac04e1947b3e17f72801d6f9fd06bdeb346df600addffaa15e3336,1,1.0,0,1.0,1,1,exp_002,0,0.0,1,1,1.0,0,,30666113024.0,8.077988602874699,,112.53078929785131,73.15331254107878,74.14365808293223,73.15331254107878,1,Q8_0,/Users/shotomorisaki/Engineering/qwen-meetup-tokyo/experiments/exp_002-quantization_llama_cpp_gguf/results/raw/full-capability.jsonl,0d222dfe0ff801c93d39f8d24d367dd013c02a860f982bf711dab0b77107c092,0.5,0,1.0,1,0,calibrated.v1,8192,data/tasks/core.v002.jsonl,7631adc23aab29b0a1b06fae51267a940aa9f86d58dbe830724a3a2bc8703512,task.literal.000005,literal_retrieval,q8_0,Q8_0
1.0,0.499755859375,1.0,1,1,8b259e30f860c924fa1fd12d459343e8c2520eb12741f943ad5dcea5d1c4d120,16810714336,artifacts/q4_k_m.gguf,1,1,q4_k_m:ctx32768,task.literal.000006:baseline:ctx032768:p050:seed1050,13d50f61ad18ac87766de8106f1a6ee7cbb9bd5ba3b5fff76dffc68c88dc0951,1,1.0,0,1.0,1,1,exp_002,0,0.0,1,1,1.0,0,,16636444672.0,10.257823054062767,,95.07318491176001,345.09204704198055,345.77445304207504,345.09204704198055,1,Q4_K_M,/Users/shotomorisaki/Engineering/qwen-meetup-tokyo/experiments/exp_002-quantization_llama_cpp_gguf/results/raw/full-capability.jsonl,0d222dfe0ff801c93d39f8d24d367dd013c02a860f982bf711dab0b77107c092,0.5,0,1.0,1,0,calibrated.v1,32768,data/tasks/core.v002.jsonl,7631adc23aab29b0a1b06fae51267a940aa9f86d58dbe830724a3a2bc8703512,task.literal.000006,literal_retrieval,q4_k_m,Q4_K_M
0.0,0.4990234375,1.0,1,1,8b259e30f860c924fa1fd12d459343e8c2520eb12741f943ad5dcea5d1c4d120,16810714336,artifacts/q4_k_m.gguf,1,1,q4_k_m:ctx8192,task.literal.000006:baseline:ctx008192:p050:seed1050,319a9c77b5713f5e12b087a38eb23b1a61d95728696241bc03f96710d51b99cf,0,0.0,0,0.0,0,1,exp_002,0,0.0,1,0,0.0,0,,16618471424.0,12.274123622358896,,107.02161149566327,76.92838749988005,77.90605404204689,76.92838749988005,1,Q4_K_M,/Users/shotomorisaki/Engineering/qwen-meetup-tokyo/experiments/exp_002-quantization_llama_cpp_gguf/results/raw/full-capability.jsonl,0d222dfe0ff801c93d39f8d24d367dd013c02a860f982bf711dab0b77107c092,0.5,0,0.0,1,0,calibrated.v1,8192,data/tasks/core.v002.jsonl,7631adc23aab29b0a1b06fae51267a940aa9f86d58dbe830724a3a2bc8703512,task.literal.000006,literal_retrieval,q4_k_m,Q4_K_M
1.0,0.499755859375,1.0,1,1,48fbca2bc04f59297981aabd0dbbe5e51efa8df13595e7c694164e652c3879d6,19535701216,artifacts/q5_k_m.gguf,1,1,q5_k_m:ctx32768,task.literal.000006:baseline:ctx032768:p050:seed1050,13d50f61ad18ac87766de8106f1a6ee7cbb9bd5ba3b5fff76dffc68c88dc0951,1,1.0,0,1.0,1,1,exp_002,0,0.0,1,1,1.0,0,,20789428224.0,9.005269365737886,,88.44357584458118,370.95967329107225,371.73699595802464,370.95967329107225,1,Q5_K_M,/Users/shotomorisaki/Engineering/qwen-meetup-tokyo/experiments/exp_002-quantization_llama_cpp_gguf/results/raw/full-capability.jsonl,0d222dfe0ff801c93d39f8d24d367dd013c02a860f982bf711dab0b77107c092,0.5,0,1.0,1,0,calibrated.v1,32768,data/tasks/core.v002.jsonl,7631adc23aab29b0a1b06fae51267a940aa9f86d58dbe830724a3a2bc8703512,task.literal.000006,literal_retrieval,q5_k_m,Q5_K_M
0.0,0.4990234375,1.0,1,1,48fbca2bc04f59297981aabd0dbbe5e51efa8df13595e7c694164e652c3879d6,19535701216,artifacts/q5_k_m.gguf,1,1,q5_k_m:ctx8192,task.literal.000006:baseline:ctx008192:p050:seed1050,319a9c77b5713f5e12b087a38eb23b1a61d95728696241bc03f96710d51b99cf,0,0.0,0,0.0,0,1,exp_002,0,0.0,1,0,0.0,0,,20734836736.0,10.330351362239863,,98.63079450414796,83.4729157499969,84.63454129197635,83.4729157499969,1,Q5_K_M,/Users/shotomorisaki/Engineering/qwen-meetup-tokyo/experiments/exp_002-quantization_llama_cpp_gguf/results/raw/full-capability.jsonl,0d222dfe0ff801c93d39f8d24d367dd013c02a860f982bf711dab0b77107c092,0.5,0,0.0,1,0,calibrated.v1,8192,data/tasks/core.v002.jsonl,7631adc23aab29b0a1b06fae51267a940aa9f86d58dbe830724a3a2bc8703512,task.literal.000006,literal_retrieval,q5_k_m,Q5_K_M
1.0,0.499755859375,1.0,1,1,1f6a8e5d44e8cea0927908fd701348906de3e705564611169cc324f4c8bf8722,22430999776,artifacts/q6_k.gguf,1,1,q6_k:ctx32768,task.literal.000006:baseline:ctx032768:p050:seed1050,13d50f61ad18ac87766de8106f1a6ee7cbb9bd5ba3b5fff76dffc68c88dc0951,1,1.0,0,1.0,1,1,exp_002,0,0.0,1,1,1.0,0,,24269946880.0,8.509969233986594,,91.68977665420212,357.8261524590198,358.6487171249464,357.8261524590198,1,Q6_K,/Users/shotomorisaki/Engineering/qwen-meetup-tokyo/experiments/exp_002-quantization_llama_cpp_gguf/results/raw/full-capability.jsonl,0d222dfe0ff801c93d39f8d24d367dd013c02a860f982bf711dab0b77107c092,0.5,0,1.0,1,0,calibrated.v1,32768,data/tasks/core.v002.jsonl,7631adc23aab29b0a1b06fae51267a940aa9f86d58dbe830724a3a2bc8703512,task.literal.000006,literal_retrieval,q6_k,Q6_K
0.0,0.4990234375,1.0,1,1,1f6a8e5d44e8cea0927908fd701348906de3e705564611169cc324f4c8bf8722,22430999776,artifacts/q6_k.gguf,1,1,q6_k:ctx8192,task.literal.000006:baseline:ctx008192:p050:seed1050,319a9c77b5713f5e12b087a38eb23b1a61d95728696241bc03f96710d51b99cf,0,0.0,0,0.0,0,1,exp_002,0,0.0,1,0,0.0,0,,24208900096.0,9.877647497112216,,103.60350657439028,79.46642224979587,80.68128641694784,79.46642224979587,1,Q6_K,/Users/shotomorisaki/Engineering/qwen-meetup-tokyo/experiments/exp_002-quantization_llama_cpp_gguf/results/raw/full-capability.jsonl,0d222dfe0ff801c93d39f8d24d367dd013c02a860f982bf711dab0b77107c092,0.5,0,0.0,1,0,calibrated.v1,8192,data/tasks/core.v002.jsonl,7631adc23aab29b0a1b06fae51267a940aa9f86d58dbe830724a3a2bc8703512,task.literal.000006,literal_retrieval,q6_k,Q6_K
1.0,0.499755859375,1.0,1,1,6cb70620c7811dce01e1a622fe0a4f9ac445e31c569640c36ecfac85c4609b6c,29047084256,artifacts/q8_0.gguf,1,1,q8_0:ctx32768,task.literal.000006:baseline:ctx032768:p050:seed1050,13d50f61ad18ac87766de8106f1a6ee7cbb9bd5ba3b5fff76dffc68c88dc0951,1,1.0,0,1.0,1,1,exp_002,0,0.0,1,1,1.0,0,,30732894208.0,7.155080100407246,,98.74280481713417,332.26724783401005,333.2455737090204,332.26724783401005,1,Q8_0,/Users/shotomorisaki/Engineering/qwen-meetup-tokyo/experiments/exp_002-quantization_llama_cpp_gguf/results/raw/full-capability.jsonl,0d222dfe0ff801c93d39f8d24d367dd013c02a860f982bf711dab0b77107c092,0.5,0,1.0,1,0,calibrated.v1,32768,data/tasks/core.v002.jsonl,7631adc23aab29b0a1b06fae51267a940aa9f86d58dbe830724a3a2bc8703512,task.literal.000006,literal_retrieval,q8_0,Q8_0
0.0,0.4990234375,1.0,1,1,6cb70620c7811dce01e1a622fe0a4f9ac445e31c569640c36ecfac85c4609b6c,29047084256,artifacts/q8_0.gguf,1,1,q8_0:ctx8192,task.literal.000006:baseline:ctx008192:p050:seed1050,319a9c77b5713f5e12b087a38eb23b1a61d95728696241bc03f96710d51b99cf,0,0.0,0,0.0,0,1,exp_002,0,0.0,1,0,0.0,0,,30669144064.0,8.107421530672035,,112.77623999652508,73.00296587520279,74.4830912090838,73.00296587520279,1,Q8_0,/Users/shotomorisaki/Engineering/qwen-meetup-tokyo/experiments/exp_002-quantization_llama_cpp_gguf/results/raw/full-capability.jsonl,0d222dfe0ff801c93d39f8d24d367dd013c02a860f982bf711dab0b77107c092,0.5,0,0.0,1,0,calibrated.v1,8192,data/tasks/core.v002.jsonl,7631adc23aab29b0a1b06fae51267a940aa9f86d58dbe830724a3a2bc8703512,task.literal.000006,literal_retrieval,q8_0,Q8_0
0.0,0.499755859375,1.0,1,1,8b259e30f860c924fa1fd12d459343e8c2520eb12741f943ad5dcea5d1c4d120,16810714336,artifacts/q4_k_m.gguf,1,1,q4_k_m:ctx32768,task.literal.000007:baseline:ctx032768:p050:seed1051,87e66bfc47216558999038dd3ce9d2626cfa57f5a7562a701fb164acf862c2bf,0,0.0,0,0.0,0,1,exp_002,0,0.0,1,0,0.0,0,,16636411904.0,10.228466287177742,,95.08696544645777,345.06306775007397,346.2362641671207,345.06306775007397,1,Q4_K_M,/Users/shotomorisaki/Engineering/qwen-meetup-tokyo/experiments/exp_002-quantization_llama_cpp_gguf/results/raw/full-capability.jsonl,0d222dfe0ff801c93d39f8d24d367dd013c02a860f982bf711dab0b77107c092,0.5,0,0.0,1,0,calibrated.v1,32768,data/tasks/core.v002.jsonl,7631adc23aab29b0a1b06fae51267a940aa9f86d58dbe830724a3a2bc8703512,task.literal.000007,literal_retrieval,q4_k_m,Q4_K_M
0.0,0.4990234375,1.0,1,1,8b259e30f860c924fa1fd12d459343e8c2520eb12741f943ad5dcea5d1c4d120,16810714336,artifacts/q4_k_m.gguf,1,1,q4_k_m:ctx8192,task.literal.000007:baseline:ctx008192:p050:seed1051,dd71185bbe15ced643f6c7befa256ecd01a649aebba1fb425daac9e0b4f08f05,0,0.0,0,0.0,0,1,exp_002,0,0.0,1,0,0.0,0,,16618700800.0,12.237961022888655,,107.31355244322093,76.73774479096755,77.55487437499687,76.73774479096755,1,Q4_K_M,/Users/shotomorisaki/Engineering/qwen-meetup-tokyo/experiments/exp_002-quantization_llama_cpp_gguf/results/raw/full-capability.jsonl,0d222dfe0ff801c93d39f8d24d367dd013c02a860f982bf711dab0b77107c092,0.5,0,0.0,1,0,calibrated.v1,8192,data/tasks/core.v002.jsonl,7631adc23aab29b0a1b06fae51267a940aa9f86d58dbe830724a3a2bc8703512,task.literal.000007,literal_retrieval,q4_k_m,Q4_K_M
0.0,0.499755859375,1.0,1,1,48fbca2bc04f59297981aabd0dbbe5e51efa8df13595e7c694164e652c3879d6,19535701216,artifacts/q5_k_m.gguf,1,1,q5_k_m:ctx32768,task.literal.000007:baseline:ctx032768:p050:seed1051,87e66bfc47216558999038dd3ce9d2626cfa57f5a7562a701fb164acf862c2bf,0,0.0,0,0.0,0,1,exp_002,0,0.0,1,0,0.0,0,,20789428224.0,8.938712278617079,,88.36696129511361,371.30392987513915,372.64640512503684,371.30392987513915,1,Q5_K_M,/Users/shotomorisaki/Engineering/qwen-meetup-tokyo/experiments/exp_002-quantization_llama_cpp_gguf/results/raw/full-capability.jsonl,0d222dfe0ff801c93d39f8d24d367dd013c02a860f982bf711dab0b77107c092,0.5,0,0.0,1,0,calibrated.v1,32768,data/tasks/core.v002.jsonl,7631adc23aab29b0a1b06fae51267a940aa9f86d58dbe830724a3a2bc8703512,task.literal.000007,literal_retrieval,q5_k_m,Q5_K_M
0.0,0.4990234375,1.0,1,1,48fbca2bc04f59297981aabd0dbbe5e51efa8df13595e7c694164e652c3879d6,19535701216,artifacts/q5_k_m.gguf,1,1,q5_k_m:ctx8192,task.literal.000007:baseline:ctx008192:p050:seed1051,dd71185bbe15ced643f6c7befa256ecd01a649aebba1fb425daac9e0b4f08f05,0,0.0,0,0.0,0,1,exp_002,0,0.0,1,0,0.0,0,,20734836736.0,10.312931733119342,,98.59571722272533,83.5228976670187,84.49255404202268,83.5228976670187,1,Q5_K_M,/Users/shotomorisaki/Engineering/qwen-meetup-tokyo/experiments/exp_002-quantization_llama_cpp_gguf/results/raw/full-capability.jsonl,0d222dfe0ff801c93d39f8d24d367dd013c02a860f982bf711dab0b77107c092,0.5,0,0.0,1,0,calibrated.v1,8192,data/tasks/core.v002.jsonl,7631adc23aab29b0a1b06fae51267a940aa9f86d58dbe830724a3a2bc8703512,task.literal.000007,literal_retrieval,q5_k_m,Q5_K_M
0.0,0.499755859375,1.0,1,1,1f6a8e5d44e8cea0927908fd701348906de3e705564611169cc324f4c8bf8722,22430999776,artifacts/q6_k.gguf,1,1,q6_k:ctx32768,task.literal.000007:baseline:ctx032768:p050:seed1051,87e66bfc47216558999038dd3ce9d2626cfa57f5a7562a701fb164acf862c2bf,0,0.0,0,0.0,0,1,exp_002,0,0.0,1,0,0.0,0,,24269963264.0,8.523146976485195,,91.726938786511,357.7029870839324,359.1109177500475,357.7029870839324,1,Q6_K,/Users/shotomorisaki/Engineering/qwen-meetup-tokyo/experiments/exp_002-quantization_llama_cpp_gguf/results/raw/full-capability.jsonl,0d222dfe0ff801c93d39f8d24d367dd013c02a860f982bf711dab0b77107c092,0.5,0,0.0,1,0,calibrated.v1,32768,data/tasks/core.v002.jsonl,7631adc23aab29b0a1b06fae51267a940aa9f86d58dbe830724a3a2bc8703512,task.literal.000007,literal_retrieval,q6_k,Q6_K
0.0,0.4990234375,1.0,1,1,1f6a8e5d44e8cea0927908fd701348906de3e705564611169cc324f4c8bf8722,22430999776,artifacts/q6_k.gguf,1,1,q6_k:ctx8192,task.literal.000007:baseline:ctx008192:p050:seed1051,dd71185bbe15ced643f6c7befa256ecd01a649aebba1fb425daac9e0b4f08f05,0,0.0,0,0.0,0,1,exp_002,0,0.0,1,0,0.0,0,,24208900096.0,9.840367511047356,,103.63757201530139,79.45959983300418,80.47582204104401,79.45959983300418,1,Q6_K,/Users/shotomorisaki/Engineering/qwen-meetup-tokyo/experiments/exp_002-quantization_llama_cpp_gguf/results/raw/full-capability.jsonl,0d222dfe0ff801c93d39f8d24d367dd013c02a860f982bf711dab0b77107c092,0.5,0,0.0,1,0,calibrated.v1,8192,data/tasks/core.v002.jsonl,7631adc23aab29b0a1b06fae51267a940aa9f86d58dbe830724a3a2bc8703512,task.literal.000007,literal_retrieval,q6_k,Q6_K
1.0,0.499755859375,1.0,1,1,6cb70620c7811dce01e1a622fe0a4f9ac445e31c569640c36ecfac85c4609b6c,29047084256,artifacts/q8_0.gguf,1,1,q8_0:ctx32768,task.literal.000007:baseline:ctx032768:p050:seed1051,87e66bfc47216558999038dd3ce9d2626cfa57f5a7562a701fb164acf862c2bf,1,1.0,0,1.0,1,1,exp_002,0,0.0,1,1,1.0,0,,30732894208.0,7.135334396114735,,98.84494140869288,331.9441494161729,332.9251826251857,331.9441494161729,1,Q8_0,/Users/shotomorisaki/Engineering/qwen-meetup-tokyo/experiments/exp_002-quantization_llama_cpp_gguf/results/raw/full-capability.jsonl,0d222dfe0ff801c93d39f8d24d367dd013c02a860f982bf711dab0b77107c092,0.5,0,1.0,1,0,calibrated.v1,32768,data/tasks/core.v002.jsonl,7631adc23aab29b0a1b06fae51267a940aa9f86d58dbe830724a3a2bc8703512,task.literal.000007,literal_retrieval,q8_0,Q8_0
0.0,0.4990234375,1.0,1,1,6cb70620c7811dce01e1a622fe0a4f9ac445e31c569640c36ecfac85c4609b6c,29047084256,artifacts/q8_0.gguf,1,1,q8_0:ctx8192,task.literal.000007:baseline:ctx008192:p050:seed1051,dd71185bbe15ced643f6c7befa256ecd01a649aebba1fb425daac9e0b4f08f05,0,0.0,0,0.0,0,1,exp_002,0,0.0,1,0,0.0,0,,30672158720.0,8.083904735519205,,112.64921956228274,73.10303641692735,74.34006237494759,73.10303641692735,1,Q8_0,/Users/shotomorisaki/Engineering/qwen-meetup-tokyo/experiments/exp_002-quantization_llama_cpp_gguf/results/raw/full-capability.jsonl,0d222dfe0ff801c93d39f8d24d367dd013c02a860f982bf711dab0b77107c092,0.5,0,0.0,1,0,calibrated.v1,8192,data/tasks/core.v002.jsonl,7631adc23aab29b0a1b06fae51267a940aa9f86d58dbe830724a3a2bc8703512,task.literal.000007,literal_retrieval,q8_0,Q8_0
0.0,0.49981689453125,1.0,1,1,8b259e30f860c924fa1fd12d459343e8c2520eb12741f943ad5dcea5d1c4d120,16810714336,artifacts/q4_k_m.gguf,1,1,q4_k_m:ctx32768,task.literal.000008:baseline:ctx032768:p050:seed1052,1783d581a622e8edc14952479a5bb84c743aceef0a29e5b0e231b8c717985b3b,0,0.0,0,0.0,0,1,exp_002,0,0.0,1,0,0.0,0,,16636444672.0,10.269082280315342,,95.07246566464799,345.09465775010176,345.97107491712086,345.09465775010176,1,Q4_K_M,/Users/shotomorisaki/Engineering/qwen-meetup-tokyo/experiments/exp_002-quantization_llama_cpp_gguf/results/raw/full-capability.jsonl,0d222dfe0ff801c93d39f8d24d367dd013c02a860f982bf711dab0b77107c092,0.5,0,0.0,1,0,calibrated.v1,32768,data/tasks/core.v002.jsonl,7631adc23aab29b0a1b06fae51267a940aa9f86d58dbe830724a3a2bc8703512,task.literal.000008,literal_retrieval,q4_k_m,Q4_K_M
0.0,0.499267578125,1.0,1,1,8b259e30f860c924fa1fd12d459343e8c2520eb12741f943ad5dcea5d1c4d120,16810714336,artifacts/q4_k_m.gguf,1,1,q4_k_m:ctx8192,task.literal.000008:baseline:ctx008192:p050:seed1052,0b8da0e3d7567197749c118e24394d5719e58d00b33e5111f1b9750b8d80c532,0,0.0,0,0.0,0,1,exp_002,0,0.0,1,0,0.0,0,,16618848256.0,12.269540674101608,,107.32380416213115,76.71177950012498,77.4453032920137,76.71177950012498,1,Q4_K_M,/Users/shotomorisaki/Engineering/qwen-meetup-tokyo/experiments/exp_002-quantization_llama_cpp_gguf/results/raw/full-capability.jsonl,0d222dfe0ff801c93d39f8d24d367dd013c02a860f982bf711dab0b77107c092,0.5,0,0.0,1,0,calibrated.v1,8192,data/tasks/core.v002.jsonl,7631adc23aab29b0a1b06fae51267a940aa9f86d58dbe830724a3a2bc8703512,task.literal.000008,literal_retrieval,q4_k_m,Q4_K_M
0.0,0.49981689453125,1.0,1,1,48fbca2bc04f59297981aabd0dbbe5e51efa8df13595e7c694164e652c3879d6,19535701216,artifacts/q5_k_m.gguf,1,1,q5_k_m:ctx32768,task.literal.000008:baseline:ctx032768:p050:seed1052,1783d581a622e8edc14952479a5bb84c743aceef0a29e5b0e231b8c717985b3b,0,0.0,0,0.0,0,1,exp_002,0,0.0,1,0,0.0,0,,20789428224.0,8.929065646408157,,88.36820948810625,371.27605266706087,372.2839968749322,371.27605266706087,1,Q5_K_M,/Users/shotomorisaki/Engineering/qwen-meetup-tokyo/experiments/exp_002-quantization_llama_cpp_gguf/results/raw/full-capability.jsonl,0d222dfe0ff801c93d39f8d24d367dd013c02a860f982bf711dab0b77107c092,0.5,0,0.0,1,0,calibrated.v1,32768,data/tasks/core.v002.jsonl,7631adc23aab29b0a1b06fae51267a940aa9f86d58dbe830724a3a2bc8703512,task.literal.000008,literal_retrieval,q5_k_m,Q5_K_M
0.0,0.499267578125,1.0,1,1,48fbca2bc04f59297981aabd0dbbe5e51efa8df13595e7c694164e652c3879d6,19535701216,artifacts/q5_k_m.gguf,1,1,q5_k_m:ctx8192,task.literal.000008:baseline:ctx008192:p050:seed1052,0b8da0e3d7567197749c118e24394d5719e58d00b33e5111f1b9750b8d80c532,0,0.0,0,0.0,0,1,exp_002,0,0.0,1,0,0.0,0,,20734836736.0,10.3953255685615,,98.57957613127444,83.5162852499634,84.38205899996683,83.5162852499634,1,Q5_K_M,/Users/shotomorisaki/Engineering/qwen-meetup-tokyo/experiments/exp_002-quantization_llama_cpp_gguf/results/raw/full-capability.jsonl,0d222dfe0ff801c93d39f8d24d367dd013c02a860f982bf711dab0b77107c092,0.5,0,0.0,1,0,calibrated.v1,8192,data/tasks/core.v002.jsonl,7631adc23aab29b0a1b06fae51267a940aa9f86d58dbe830724a3a2bc8703512,task.literal.000008,literal_retrieval,q5_k_m,Q5_K_M
0.0,0.49981689453125,1.0,1,1,1f6a8e5d44e8cea0927908fd701348906de3e705564611169cc324f4c8bf8722,22430999776,artifacts/q6_k.gguf,1,1,q6_k:ctx32768,task.literal.000008:baseline:ctx032768:p050:seed1052,1783d581a622e8edc14952479a5bb84c743aceef0a29e5b0e231b8c717985b3b,0,0.0,0,0.0,0,1,exp_002,0,0.0,1,0,0.0,0,,24269946880.0,8.535446914537879,,91.4300018255224,358.84282341599464,359.8972497500945,358.84282341599464,1,Q6_K,/Users/shotomorisaki/Engineering/qwen-meetup-tokyo/experiments/exp_002-quantization_llama_cpp_gguf/results/raw/full-capability.jsonl,0d222dfe0ff801c93d39f8d24d367dd013c02a860f982bf711dab0b77107c092,0.5,0,0.0,1,0,calibrated.v1,32768,data/tasks/core.v002.jsonl,7631adc23aab29b0a1b06fae51267a940aa9f86d58dbe830724a3a2bc8703512,task.literal.000008,literal_retrieval,q6_k,Q6_K
0.0,0.499267578125,1.0,1,1,1f6a8e5d44e8cea0927908fd701348906de3e705564611169cc324f4c8bf8722,22430999776,artifacts/q6_k.gguf,1,1,q6_k:ctx8192,task.literal.000008:baseline:ctx008192:p050:seed1052,0b8da0e3d7567197749c118e24394d5719e58d00b33e5111f1b9750b8d80c532,0,0.0,0,0.0,0,1,exp_002,0,0.0,1,0,0.0,0,,24211881984.0,9.872602294138543,,103.54823514546794,79.50883941608481,80.42045316612348,79.50883941608481,1,Q6_K,/Users/shotomorisaki/Engineering/qwen-meetup-tokyo/experiments/exp_002-quantization_llama_cpp_gguf/results/raw/full-capability.jsonl,0d222dfe0ff801c93d39f8d24d367dd013c02a860f982bf711dab0b77107c092,0.5,0,0.0,1,0,calibrated.v1,8192,data/tasks/core.v002.jsonl,7631adc23aab29b0a1b06fae51267a940aa9f86d58dbe830724a3a2bc8703512,task.literal.000008,literal_retrieval,q6_k,Q6_K
0.0,0.49981689453125,1.0,1,1,6cb70620c7811dce01e1a622fe0a4f9ac445e31c569640c36ecfac85c4609b6c,29047084256,artifacts/q8_0.gguf,1,1,q8_0:ctx32768,task.literal.000008:baseline:ctx032768:p050:seed1052,1783d581a622e8edc14952479a5bb84c743aceef0a29e5b0e231b8c717985b3b,0,0.0,0,0.0,0,1,exp_002,0,0.0,1,0,0.0,0,,30732894208.0,7.150488824604881,,98.701391373349,332.40666158287786,333.6653167910408,332.40666158287786,1,Q8_0,/Users/shotomorisaki/Engineering/qwen-meetup-tokyo/experiments/exp_002-quantization_llama_cpp_gguf/results/raw/full-capability.jsonl,0d222dfe0ff801c93d39f8d24d367dd013c02a860f982bf711dab0b77107c092,0.5,0,0.0,1,0,calibrated.v1,32768,data/tasks/core.v002.jsonl,7631adc23aab29b0a1b06fae51267a940aa9f86d58dbe830724a3a2bc8703512,task.literal.000008,literal_retrieval,q8_0,Q8_0
0.0,0.499267578125,1.0,1,1,6cb70620c7811dce01e1a622fe0a4f9ac445e31c569640c36ecfac85c4609b6c,29047084256,artifacts/q8_0.gguf,1,1,q8_0:ctx8192,task.literal.000008:baseline:ctx008192:p050:seed1052,0b8da0e3d7567197749c118e24394d5719e58d00b33e5111f1b9750b8d80c532,0,0.0,0,0.0,0,1,exp_002,0,0.0,1,0,0.0,0,,30675156992.0,8.042985589496148,,112.58411593890402,73.12754495907575,74.24653241713531,73.12754495907575,1,Q8_0,/Users/shotomorisaki/Engineering/qwen-meetup-tokyo/experiments/exp_002-quantization_llama_cpp_gguf/results/raw/full-capability.jsonl,0d222dfe0ff801c93d39f8d24d367dd013c02a860f982bf711dab0b77107c092,0.5,0,0.0,1,0,calibrated.v1,8192,data/tasks/core.v002.jsonl,7631adc23aab29b0a1b06fae51267a940aa9f86d58dbe830724a3a2bc8703512,task.literal.000008,literal_retrieval,q8_0,Q8_0
1.0,0.499786376953125,1.0,1,1,8b259e30f860c924fa1fd12d459343e8c2520eb12741f943ad5dcea5d1c4d120,16810714336,artifacts/q4_k_m.gguf,1,1,q4_k_m:ctx32768,task.literal.000009:baseline:ctx032768:p050:seed1053,4c64d4ecd3b6f13d8465ee8e13c14fbc4fb4673651b798d12a3bfd7e7b6df5aa,1,1.0,0,1.0,1,1,exp_002,0,0.0,1,1,1.0,0,,16636411904.0,10.241274687812325,,95.14512503857586,344.8521402089391,345.5356488749385,344.8521402089391,1,Q4_K_M,/Users/shotomorisaki/Engineering/qwen-meetup-tokyo/experiments/exp_002-quantization_llama_cpp_gguf/results/raw/full-capability.jsonl,0d222dfe0ff801c93d39f8d24d367dd013c02a860f982bf711dab0b77107c092,0.5,0,1.0,1,0,calibrated.v1,32768,data/tasks/core.v002.jsonl,7631adc23aab29b0a1b06fae51267a940aa9f86d58dbe830724a3a2bc8703512,task.literal.000009,literal_retrieval,q4_k_m,Q4_K_M
1.0,0.4991455078125,1.0,1,1,8b259e30f860c924fa1fd12d459343e8c2520eb12741f943ad5dcea5d1c4d120,16810714336,artifacts/q4_k_m.gguf,1,1,q4_k_m:ctx8192,task.literal.000009:baseline:ctx008192:p050:seed1053,ffe69cfebdd850744b110b99f1d9d548fb1799888a257bad98db93476fed2441,1,1.0,0,1.0,1,1,exp_002,0,0.0,1,1,1.0,0,,16618946560.0,12.219213582137984,,107.31556099658009,76.73630854208022,77.30917683290318,76.73630854208022,1,Q4_K_M,/Users/shotomorisaki/Engineering/qwen-meetup-tokyo/experiments/exp_002-quantization_llama_cpp_gguf/results/raw/full-capability.jsonl,0d222dfe0ff801c93d39f8d24d367dd013c02a860f982bf711dab0b77107c092,0.5,0,1.0,1,0,calibrated.v1,8192,data/tasks/core.v002.jsonl,7631adc23aab29b0a1b06fae51267a940aa9f86d58dbe830724a3a2bc8703512,task.literal.000009,literal_retrieval,q4_k_m,Q4_K_M
1.0,0.499786376953125,1.0,1,1,48fbca2bc04f59297981aabd0dbbe5e51efa8df13595e7c694164e652c3879d6,19535701216,artifacts/q5_k_m.gguf,1,1,q5_k_m:ctx32768,task.literal.000009:baseline:ctx032768:p050:seed1053,4c64d4ecd3b6f13d8465ee8e13c14fbc4fb4673651b798d12a3bfd7e7b6df5aa,1,1.0,0,1.0,1,1,exp_002,0,0.0,1,1,1.0,0,,20789428224.0,8.964002482170716,,88.44691033395358,370.9683003749233,371.74920154199935,370.9683003749233,1,Q5_K_M,/Users/shotomorisaki/Engineering/qwen-meetup-tokyo/experiments/exp_002-quantization_llama_cpp_gguf/results/raw/full-capability.jsonl,0d222dfe0ff801c93d39f8d24d367dd013c02a860f982bf711dab0b77107c092,0.5,0,1.0,1,0,calibrated.v1,32768,data/tasks/core.v002.jsonl,7631adc23aab29b0a1b06fae51267a940aa9f86d58dbe830724a3a2bc8703512,task.literal.000009,literal_retrieval,q5_k_m,Q5_K_M
1.0,0.4991455078125,1.0,1,1,48fbca2bc04f59297981aabd0dbbe5e51efa8df13595e7c694164e652c3879d6,19535701216,artifacts/q5_k_m.gguf,1,1,q5_k_m:ctx8192,task.literal.000009:baseline:ctx008192:p050:seed1053,ffe69cfebdd850744b110b99f1d9d548fb1799888a257bad98db93476fed2441,1,1.0,0,1.0,1,1,exp_002,0,0.0,1,1,1.0,0,,20737818624.0,10.457882848584575,,98.68417051467992,83.44803383410908,84.11738537508063,83.44803383410908,1,Q5_K_M,/Users/shotomorisaki/Engineering/qwen-meetup-tokyo/experiments/exp_002-quantization_llama_cpp_gguf/results/raw/full-capability.jsonl,0d222dfe0ff801c93d39f8d24d367dd013c02a860f982bf711dab0b77107c092,0.5,0,1.0,1,0,calibrated.v1,8192,data/tasks/core.v002.jsonl,7631adc23aab29b0a1b06fae51267a940aa9f86d58dbe830724a3a2bc8703512,task.literal.000009,literal_retrieval,q5_k_m,Q5_K_M
1.0,0.499786376953125,1.0,1,1,1f6a8e5d44e8cea0927908fd701348906de3e705564611169cc324f4c8bf8722,22430999776,artifacts/q6_k.gguf,1,1,q6_k:ctx32768,task.literal.000009:baseline:ctx032768:p050:seed1053,4c64d4ecd3b6f13d8465ee8e13c14fbc4fb4673651b798d12a3bfd7e7b6df5aa,1,1.0,0,1.0,1,1,exp_002,0,0.0,1,1,1.0,0,,24269946880.0,8.519314274257388,,91.61170784778757,358.15291266608983,358.9745750410948,358.15291266608983,1,Q6_K,/Users/shotomorisaki/Engineering/qwen-meetup-tokyo/experiments/exp_002-quantization_llama_cpp_gguf/results/raw/full-capability.jsonl,0d222dfe0ff801c93d39f8d24d367dd013c02a860f982bf711dab0b77107c092,0.5,0,1.0,1,0,calibrated.v1,32768,data/tasks/core.v002.jsonl,7631adc23aab29b0a1b06fae51267a940aa9f86d58dbe830724a3a2bc8703512,task.literal.000009,literal_retrieval,q6_k,Q6_K
1.0,0.4991455078125,1.0,1,1,1f6a8e5d44e8cea0927908fd701348906de3e705564611169cc324f4c8bf8722,22430999776,artifacts/q6_k.gguf,1,1,q6_k:ctx8192,task.literal.000009:baseline:ctx008192:p050:seed1053,ffe69cfebdd850744b110b99f1d9d548fb1799888a257bad98db93476fed2441,1,1.0,0,1.0,1,1,exp_002,0,0.0,1,1,1.0,0,,24214863872.0,9.881425826712352,,103.64316338483489,79.45531312492676,80.16371291689575,79.45531312492676,1,Q6_K,/Users/shotomorisaki/Engineering/qwen-meetup-tokyo/experiments/exp_002-quantization_llama_cpp_gguf/results/raw/full-capability.jsonl,0d222dfe0ff801c93d39f8d24d367dd013c02a860f982bf711dab0b77107c092,0.5,0,1.0,1,0,calibrated.v1,8192,data/tasks/core.v002.jsonl,7631adc23aab29b0a1b06fae51267a940aa9f86d58dbe830724a3a2bc8703512,task.literal.000009,literal_retrieval,q6_k,Q6_K
1.0,0.499786376953125,1.0,1,1,6cb70620c7811dce01e1a622fe0a4f9ac445e31c569640c36ecfac85c4609b6c,29047084256,artifacts/q8_0.gguf,1,1,q8_0:ctx32768,task.literal.000009:baseline:ctx032768:p050:seed1053,4c64d4ecd3b6f13d8465ee8e13c14fbc4fb4673651b798d12a3bfd7e7b6df5aa,1,1.0,0,1.0,1,1,exp_002,0,0.0,1,1,1.0,0,,30732926976.0,7.145308784651775,,98.69658051906397,332.4431284999009,333.4227922500577,332.4431284999009,1,Q8_0,/Users/shotomorisaki/Engineering/qwen-meetup-tokyo/experiments/exp_002-quantization_llama_cpp_gguf/results/raw/full-capability.jsonl,0d222dfe0ff801c93d39f8d24d367dd013c02a860f982bf711dab0b77107c092,0.5,0,1.0,1,0,calibrated.v1,32768,data/tasks/core.v002.jsonl,7631adc23aab29b0a1b06fae51267a940aa9f86d58dbe830724a3a2bc8703512,task.literal.000009,literal_retrieval,q8_0,Q8_0
1.0,0.4991455078125,1.0,1,1,6cb70620c7811dce01e1a622fe0a4f9ac445e31c569640c36ecfac85c4609b6c,29047084256,artifacts/q8_0.gguf,1,1,q8_0:ctx8192,task.literal.000009:baseline:ctx008192:p050:seed1053,ffe69cfebdd850744b110b99f1d9d548fb1799888a257bad98db93476fed2441,1,1.0,0,1.0,1,1,exp_002,0,0.0,1,1,1.0,0,,30678171648.0,8.100720497146982,,112.51152660304452,73.19250079197809,74.0566214590799,73.19250079197809,1,Q8_0,/Users/shotomorisaki/Engineering/qwen-meetup-tokyo/experiments/exp_002-quantization_llama_cpp_gguf/results/raw/full-capability.jsonl,0d222dfe0ff801c93d39f8d24d367dd013c02a860f982bf711dab0b77107c092,0.5,0,1.0,1,0,calibrated.v1,8192,data/tasks/core.v002.jsonl,7631adc23aab29b0a1b06fae51267a940aa9f86d58dbe830724a3a2bc8703512,task.literal.000009,literal_retrieval,q8_0,Q8_0
1.0,0.499786376953125,1.0,1,1,8b259e30f860c924fa1fd12d459343e8c2520eb12741f943ad5dcea5d1c4d120,16810714336,artifacts/q4_k_m.gguf,1,1,q4_k_m:ctx32768,task.literal.000010:baseline:ctx032768:p050:seed1054,94b9e611ce001b7da27e96810d762d07ef3dfce98e87937d8adc5ae7905ab322,1,1.0,0,1.0,1,1,exp_002,0,0.0,1,1,1.0,0,,16636411904.0,10.25931142374092,,95.15165005639518,344.81798245804384,345.500289458083,344.81798245804384,1,Q4_K_M,/Users/shotomorisaki/Engineering/qwen-meetup-tokyo/experiments/exp_002-quantization_llama_cpp_gguf/results/raw/full-capability.jsonl,0d222dfe0ff801c93d39f8d24d367dd013c02a860f982bf711dab0b77107c092,0.5,0,1.0,1,0,calibrated.v1,32768,data/tasks/core.v002.jsonl,7631adc23aab29b0a1b06fae51267a940aa9f86d58dbe830724a3a2bc8703512,task.literal.000010,literal_retrieval,q4_k_m,Q4_K_M
0.0,0.4991455078125,1.0,1,1,8b259e30f860c924fa1fd12d459343e8c2520eb12741f943ad5dcea5d1c4d120,16810714336,artifacts/q4_k_m.gguf,1,1,q4_k_m:ctx8192,task.literal.000010:baseline:ctx008192:p050:seed1054,bf24acdd2f9db0aaaf99460141fdd23a417dd815152e1409f5836bea4d4a7dfe,0,0.0,0,0.0,0,1,exp_002,0,0.0,1,0,0.0,0,,16619077632.0,12.256649470838601,,107.21395924958674,76.79970087506808,77.53399616689421,76.79970087506808,1,Q4_K_M,/Users/shotomorisaki/Engineering/qwen-meetup-tokyo/experiments/exp_002-quantization_llama_cpp_gguf/results/raw/full-capability.jsonl,0d222dfe0ff801c93d39f8d24d367dd013c02a860f982bf711dab0b77107c092,0.5,0,0.0,1,0,calibrated.v1,8192,data/tasks/core.v002.jsonl,7631adc23aab29b0a1b06fae51267a940aa9f86d58dbe830724a3a2bc8703512,task.literal.000010,literal_retrieval,q4_k_m,Q4_K_M
1.0,0.499786376953125,1.0,1,1,48fbca2bc04f59297981aabd0dbbe5e51efa8df13595e7c694164e652c3879d6,19535701216,artifacts/q5_k_m.gguf,1,1,q5_k_m:ctx32768,task.literal.000010:baseline:ctx032768:p050:seed1054,94b9e611ce001b7da27e96810d762d07ef3dfce98e87937d8adc5ae7905ab322,1,1.0,0,1.0,1,1,exp_002,0,0.0,1,1,1.0,0,,20789428224.0,8.944909097770688,,88.29808287516317,371.5822465408128,372.3648145829793,371.5822465408128,1,Q5_K_M,/Users/shotomorisaki/Engineering/qwen-meetup-tokyo/experiments/exp_002-quantization_llama_cpp_gguf/results/raw/full-capability.jsonl,0d222dfe0ff801c93d39f8d24d367dd013c02a860f982bf711dab0b77107c092,0.5,0,1.0,1,0,calibrated.v1,32768,data/tasks/core.v002.jsonl,7631adc23aab29b0a1b06fae51267a940aa9f86d58dbe830724a3a2bc8703512,task.literal.000010,literal_retrieval,q5_k_m,Q5_K_M
0.0,0.4991455078125,1.0,1,1,48fbca2bc04f59297981aabd0dbbe5e51efa8df13595e7c694164e652c3879d6,19535701216,artifacts/q5_k_m.gguf,1,1,q5_k_m:ctx8192,task.literal.000010:baseline:ctx008192:p050:seed1054,bf24acdd2f9db0aaaf99460141fdd23a417dd815152e1409f5836bea4d4a7dfe,0,0.0,0,0.0,0,1,exp_002,0,0.0,1,0,0.0,0,,20740800512.0,10.283556209001567,,98.40404950706126,83.6754182500299,84.55060187494382,83.6754182500299,1,Q5_K_M,/Users/shotomorisaki/Engineering/qwen-meetup-tokyo/experiments/exp_002-quantization_llama_cpp_gguf/results/raw/full-capability.jsonl,0d222dfe0ff801c93d39f8d24d367dd013c02a860f982bf711dab0b77107c092,0.5,0,0.0,1,0,calibrated.v1,8192,data/tasks/core.v002.jsonl,7631adc23aab29b0a1b06fae51267a940aa9f86d58dbe830724a3a2bc8703512,task.literal.000010,literal_retrieval,q5_k_m,Q5_K_M
1.0,0.499786376953125,1.0,1,1,1f6a8e5d44e8cea0927908fd701348906de3e705564611169cc324f4c8bf8722,22430999776,artifacts/q6_k.gguf,1,1,q6_k:ctx32768,task.literal.000010:baseline:ctx032768:p050:seed1054,94b9e611ce001b7da27e96810d762d07ef3dfce98e87937d8adc5ae7905ab322,1,1.0,0,1.0,1,1,exp_002,0,0.0,1,1,1.0,0,,24269946880.0,8.403690478936257,,91.67129610555922,357.90919724991545,358.74216462508775,357.90919724991545,1,Q6_K,/Users/shotomorisaki/Engineering/qwen-meetup-tokyo/experiments/exp_002-quantization_llama_cpp_gguf/results/raw/full-capability.jsonl,0d222dfe0ff801c93d39f8d24d367dd013c02a860f982bf711dab0b77107c092,0.5,0,1.0,1,0,calibrated.v1,32768,data/tasks/core.v002.jsonl,7631adc23aab29b0a1b06fae51267a940aa9f86d58dbe830724a3a2bc8703512,task.literal.000010,literal_retrieval,q6_k,Q6_K
0.0,0.4991455078125,1.0,1,1,1f6a8e5d44e8cea0927908fd701348906de3e705564611169cc324f4c8bf8722,22430999776,artifacts/q6_k.gguf,1,1,q6_k:ctx8192,task.literal.000010:baseline:ctx008192:p050:seed1054,bf24acdd2f9db0aaaf99460141fdd23a417dd815152e1409f5836bea4d4a7dfe,0,0.0,0,0.0,0,1,exp_002,0,0.0,1,0,0.0,0,,24217845760.0,9.869076199240881,,103.60714773282388,79.47328133415431,80.38522079214454,79.47328133415431,1,Q6_K,/Users/shotomorisaki/Engineering/qwen-meetup-tokyo/experiments/exp_002-quantization_llama_cpp_gguf/results/raw/full-capability.jsonl,0d222dfe0ff801c93d39f8d24d367dd013c02a860f982bf711dab0b77107c092,0.5,0,0.0,1,0,calibrated.v1,8192,data/tasks/core.v002.jsonl,7631adc23aab29b0a1b06fae51267a940aa9f86d58dbe830724a3a2bc8703512,task.literal.000010,literal_retrieval,q6_k,Q6_K
1.0,0.499786376953125,1.0,1,1,6cb70620c7811dce01e1a622fe0a4f9ac445e31c569640c36ecfac85c4609b6c,29047084256,artifacts/q8_0.gguf,1,1,q8_0:ctx32768,task.literal.000010:baseline:ctx032768:p050:seed1054,94b9e611ce001b7da27e96810d762d07ef3dfce98e87937d8adc5ae7905ab322,1,1.0,0,1.0,1,1,exp_002,0,0.0,1,1,1.0,0,,30732926976.0,7.144797663494161,,98.58790501869564,332.79944425006397,333.77917808294296,332.79944425006397,1,Q8_0,/Users/shotomorisaki/Engineering/qwen-meetup-tokyo/experiments/exp_002-quantization_llama_cpp_gguf/results/raw/full-capability.jsonl,0d222dfe0ff801c93d39f8d24d367dd013c02a860f982bf711dab0b77107c092,0.5,0,1.0,1,0,calibrated.v1,32768,data/tasks/core.v002.jsonl,7631adc23aab29b0a1b06fae51267a940aa9f86d58dbe830724a3a2bc8703512,task.literal.000010,literal_retrieval,q8_0,Q8_0
0.0,0.4991455078125,1.0,1,1,6cb70620c7811dce01e1a622fe0a4f9ac445e31c569640c36ecfac85c4609b6c,29047084256,artifacts/q8_0.gguf,1,1,q8_0:ctx8192,task.literal.000010:baseline:ctx008192:p050:seed1054,bf24acdd2f9db0aaaf99460141fdd23a417dd815152e1409f5836bea4d4a7dfe,0,0.0,0,0.0,0,1,exp_002,0,0.0,1,0,0.0,0,,30681169920.0,8.090403972055547,,112.40273926056513,73.25444249995053,74.36687149992213,73.25444249995053,1,Q8_0,/Users/shotomorisaki/Engineering/qwen-meetup-tokyo/experiments/exp_002-quantization_llama_cpp_gguf/results/raw/full-capability.jsonl,0d222dfe0ff801c93d39f8d24d367dd013c02a860f982bf711dab0b77107c092,0.5,0,0.0,1,0,calibrated.v1,8192,data/tasks/core.v002.jsonl,7631adc23aab29b0a1b06fae51267a940aa9f86d58dbe830724a3a2bc8703512,task.literal.000010,literal_retrieval,q8_0,Q8_0
1.0,0.4997965494791667,1.0,1,1,8b259e30f860c924fa1fd12d459343e8c2520eb12741f943ad5dcea5d1c4d120,16810714336,artifacts/q4_k_m.gguf,1,1,q4_k_m:ctx32768,task.multihop.000001:baseline:ctx032768:p050:seed1045,f9fe2ed3ecf12b5dd074e7adc2f7c00650db03b93d5413a654d44a1cb00b6c9a,1,1.0,0,1.0,1,1,exp_002,0,0.0,1,1,1.0,0,,16636542976.0,10.271890954631182,,95.24497684756189,344.553603624925,345.0403689169325,344.553603624925,1,Q4_K_M,/Users/shotomorisaki/Engineering/qwen-meetup-tokyo/experiments/exp_002-quantization_llama_cpp_gguf/results/raw/full-capability.jsonl,0d222dfe0ff801c93d39f8d24d367dd013c02a860f982bf711dab0b77107c092,0.5,0,1.0,1,0,calibrated.v1,32768,data/tasks/core.v002.jsonl,7631adc23aab29b0a1b06fae51267a940aa9f86d58dbe830724a3a2bc8703512,task.multihop.000001,multi_hop,q4_k_m,Q4_K_M
1.0,0.4991861979166667,1.0,1,1,8b259e30f860c924fa1fd12d459343e8c2520eb12741f943ad5dcea5d1c4d120,16810714336,artifacts/q4_k_m.gguf,1,1,q4_k_m:ctx8192,task.multihop.000001:baseline:ctx008192:p050:seed1045,cc1943a6dd8761c310c66f4aafc910b02b1a98c5b906cd30e92fa5519fb2ced5,1,1.0,0,1.0,1,1,exp_002,0,0.0,1,1,1.0,0,,16622256128.0,12.212634184041427,,107.3537083413109,76.76493087504059,77.17434295802377,76.76493087504059,1,Q4_K_M,/Users/shotomorisaki/Engineering/qwen-meetup-tokyo/experiments/exp_002-quantization_llama_cpp_gguf/results/raw/full-capability.jsonl,0d222dfe0ff801c93d39f8d24d367dd013c02a860f982bf711dab0b77107c092,0.5,0,1.0,1,0,calibrated.v1,8192,data/tasks/core.v002.jsonl,7631adc23aab29b0a1b06fae51267a940aa9f86d58dbe830724a3a2bc8703512,task.multihop.000001,multi_hop,q4_k_m,Q4_K_M
1.0,0.4997965494791667,1.0,1,1,48fbca2bc04f59297981aabd0dbbe5e51efa8df13595e7c694164e652c3879d6,19535701216,artifacts/q5_k_m.gguf,1,1,q5_k_m:ctx32768,task.multihop.000001:baseline:ctx032768:p050:seed1045,f9fe2ed3ecf12b5dd074e7adc2f7c00650db03b93d5413a654d44a1cb00b6c9a,1,1.0,0,1.0,1,1,exp_002,0,0.0,1,1,1.0,0,,20813299712.0,9.004480404437226,,88.70719473237416,369.94744449993595,370.5027236249298,369.94744449993595,1,Q5_K_M,/Users/shotomorisaki/Engineering/qwen-meetup-tokyo/experiments/exp_002-quantization_llama_cpp_gguf/results/raw/full-capability.jsonl,0d222dfe0ff801c93d39f8d24d367dd013c02a860f982bf711dab0b77107c092,0.5,0,1.0,1,0,calibrated.v1,32768,data/tasks/core.v002.jsonl,7631adc23aab29b0a1b06fae51267a940aa9f86d58dbe830724a3a2bc8703512,task.multihop.000001,multi_hop,q5_k_m,Q5_K_M
1.0,0.4991861979166667,1.0,1,1,48fbca2bc04f59297981aabd0dbbe5e51efa8df13595e7c694164e652c3879d6,19535701216,artifacts/q5_k_m.gguf,1,1,q5_k_m:ctx8192,task.multihop.000001:baseline:ctx008192:p050:seed1045,cc1943a6dd8761c310c66f4aafc910b02b1a98c5b906cd30e92fa5519fb2ced5,1,1.0,0,1.0,1,1,exp_002,0,0.0,1,1,1.0,0,,20773650432.0,10.29632213680332,,98.78064206335189,83.42727712495252,83.91288741701283,83.42727712495252,1,Q5_K_M,/Users/shotomorisaki/Engineering/qwen-meetup-tokyo/experiments/exp_002-quantization_llama_cpp_gguf/results/raw/full-capability.jsonl,0d222dfe0ff801c93d39f8d24d367dd013c02a860f982bf711dab0b77107c092,0.5,0,1.0,1,0,calibrated.v1,8192,data/tasks/core.v002.jsonl,7631adc23aab29b0a1b06fae51267a940aa9f86d58dbe830724a3a2bc8703512,task.multihop.000001,multi_hop,q5_k_m,Q5_K_M
1.0,0.4997965494791667,1.0,1,1,1f6a8e5d44e8cea0927908fd701348906de3e705564611169cc324f4c8bf8722,22430999776,artifacts/q6_k.gguf,1,1,q6_k:ctx32768,task.multihop.000001:baseline:ctx032768:p050:seed1045,f9fe2ed3ecf12b5dd074e7adc2f7c00650db03b93d5413a654d44a1cb00b6c9a,1,1.0,0,1.0,1,1,exp_002,0,0.0,1,1,1.0,0,,24284938240.0,8.529908018824896,,91.53075099404158,358.5352424578741,359.12141525000334,358.5352424578741,1,Q6_K,/Users/shotomorisaki/Engineering/qwen-meetup-tokyo/experiments/exp_002-quantization_llama_cpp_gguf/results/raw/full-capability.jsonl,0d222dfe0ff801c93d39f8d24d367dd013c02a860f982bf711dab0b77107c092,0.5,0,1.0,1,0,calibrated.v1,32768,data/tasks/core.v002.jsonl,7631adc23aab29b0a1b06fae51267a940aa9f86d58dbe830724a3a2bc8703512,task.multihop.000001,multi_hop,q6_k,Q6_K
1.0,0.4991861979166667,1.0,1,1,1f6a8e5d44e8cea0927908fd701348906de3e705564611169cc324f4c8bf8722,22430999776,artifacts/q6_k.gguf,1,1,q6_k:ctx8192,task.multihop.000001:baseline:ctx008192:p050:seed1045,cc1943a6dd8761c310c66f4aafc910b02b1a98c5b906cd30e92fa5519fb2ced5,1,1.0,0,1.0,1,1,exp_002,0,0.0,1,1,1.0,0,,24250761216.0,9.8293824048474,,103.57144618171365,79.56826233305037,80.07694129110314,79.56826233305037,1,Q6_K,/Users/shotomorisaki/Engineering/qwen-meetup-tokyo/experiments/exp_002-quantization_llama_cpp_gguf/results/raw/full-capability.jsonl,0d222dfe0ff801c93d39f8d24d367dd013c02a860f982bf711dab0b77107c092,0.5,0,1.0,1,0,calibrated.v1,8192,data/tasks/core.v002.jsonl,7631adc23aab29b0a1b06fae51267a940aa9f86d58dbe830724a3a2bc8703512,task.multihop.000001,multi_hop,q6_k,Q6_K
1.0,0.4997965494791667,1.0,1,1,6cb70620c7811dce01e1a622fe0a4f9ac445e31c569640c36ecfac85c4609b6c,29047084256,artifacts/q8_0.gguf,1,1,q8_0:ctx32768,task.multihop.000001:baseline:ctx032768:p050:seed1045,f9fe2ed3ecf12b5dd074e7adc2f7c00650db03b93d5413a654d44a1cb00b6c9a,1,1.0,0,1.0,1,1,exp_002,0,0.0,1,1,1.0,0,,30741954560.0,7.1319554376634695,,98.36412944868191,333.6277175829746,334.3287875831593,333.6277175829746,1,Q8_0,/Users/shotomorisaki/Engineering/qwen-meetup-tokyo/experiments/exp_002-quantization_llama_cpp_gguf/results/raw/full-capability.jsonl,0d222dfe0ff801c93d39f8d24d367dd013c02a860f982bf711dab0b77107c092,0.5,0,1.0,1,0,calibrated.v1,32768,data/tasks/core.v002.jsonl,7631adc23aab29b0a1b06fae51267a940aa9f86d58dbe830724a3a2bc8703512,task.multihop.000001,multi_hop,q8_0,Q8_0
1.0,0.4991861979166667,1.0,1,1,6cb70620c7811dce01e1a622fe0a4f9ac445e31c569640c36ecfac85c4609b6c,29047084256,artifacts/q8_0.gguf,1,1,q8_0:ctx8192,task.multihop.000001:baseline:ctx008192:p050:seed1045,cc1943a6dd8761c310c66f4aafc910b02b1a98c5b906cd30e92fa5519fb2ced5,1,1.0,0,1.0,1,1,exp_002,0,0.0,1,1,1.0,0,,30690295808.0,8.06683425209509,,112.04155472384383,73.5530671661254,74.17288900003769,73.5530671661254,1,Q8_0,/Users/shotomorisaki/Engineering/qwen-meetup-tokyo/experiments/exp_002-quantization_llama_cpp_gguf/results/raw/full-capability.jsonl,0d222dfe0ff801c93d39f8d24d367dd013c02a860f982bf711dab0b77107c092,0.5,0,1.0,1,0,calibrated.v1,8192,data/tasks/core.v002.jsonl,7631adc23aab29b0a1b06fae51267a940aa9f86d58dbe830724a3a2bc8703512,task.multihop.000001,multi_hop,q8_0,Q8_0
1.0,0.4997965494791667,1.0,1,1,8b259e30f860c924fa1fd12d459343e8c2520eb12741f943ad5dcea5d1c4d120,16810714336,artifacts/q4_k_m.gguf,1,1,q4_k_m:ctx32768,task.multihop.000002:baseline:ctx032768:p050:seed1064,7c72b660a8e9327d38492b3a1621689838ba7f25bddfa2704de07f5556e528c3,1,1.0,0,1.0,1,1,exp_002,0,0.0,1,1,1.0,0,,16636526592.0,10.255305836816351,,95.24954264320475,344.5370874160435,345.0246399161406,344.5370874160435,1,Q4_K_M,/Users/shotomorisaki/Engineering/qwen-meetup-tokyo/experiments/exp_002-quantization_llama_cpp_gguf/results/raw/full-capability.jsonl,0d222dfe0ff801c93d39f8d24d367dd013c02a860f982bf711dab0b77107c092,0.5,0,1.0,1,0,calibrated.v1,32768,data/tasks/core.v002.jsonl,7631adc23aab29b0a1b06fae51267a940aa9f86d58dbe830724a3a2bc8703512,task.multihop.000002,multi_hop,q4_k_m,Q4_K_M
1.0,0.4991861979166667,1.0,1,1,8b259e30f860c924fa1fd12d459343e8c2520eb12741f943ad5dcea5d1c4d120,16810714336,artifacts/q4_k_m.gguf,1,1,q4_k_m:ctx8192,task.multihop.000002:baseline:ctx008192:p050:seed1064,0f316793be3f09d950071dcfea213d37600b9102f079b50650ba5f64ef262b62,1,1.0,0,1.0,1,1,exp_002,0,0.0,1,1,1.0,0,,16622419968.0,12.175173965539566,,107.42546794833856,76.71365233394317,77.12432408402674,76.71365233394317,1,Q4_K_M,/Users/shotomorisaki/Engineering/qwen-meetup-tokyo/experiments/exp_002-quantization_llama_cpp_gguf/results/raw/full-capability.jsonl,0d222dfe0ff801c93d39f8d24d367dd013c02a860f982bf711dab0b77107c092,0.5,0,1.0,1,0,calibrated.v1,8192,data/tasks/core.v002.jsonl,7631adc23aab29b0a1b06fae51267a940aa9f86d58dbe830724a3a2bc8703512,task.multihop.000002,multi_hop,q4_k_m,Q4_K_M
1.0,0.4997965494791667,1.0,1,1,48fbca2bc04f59297981aabd0dbbe5e51efa8df13595e7c694164e652c3879d6,19535701216,artifacts/q5_k_m.gguf,1,1,q5_k_m:ctx32768,task.multihop.000002:baseline:ctx032768:p050:seed1064,7c72b660a8e9327d38492b3a1621689838ba7f25bddfa2704de07f5556e528c3,1,1.0,0,1.0,1,1,exp_002,0,0.0,1,1,1.0,0,,20816297984.0,8.76559783529858,,88.71717187611853,369.90584016614594,370.47625191602856,369.90584016614594,1,Q5_K_M,/Users/shotomorisaki/Engineering/qwen-meetup-tokyo/experiments/exp_002-quantization_llama_cpp_gguf/results/raw/full-capability.jsonl,0d222dfe0ff801c93d39f8d24d367dd013c02a860f982bf711dab0b77107c092,0.5,0,1.0,1,0,calibrated.v1,32768,data/tasks/core.v002.jsonl,7631adc23aab29b0a1b06fae51267a940aa9f86d58dbe830724a3a2bc8703512,task.multihop.000002,multi_hop,q5_k_m,Q5_K_M
1.0,0.4991861979166667,1.0,1,1,48fbca2bc04f59297981aabd0dbbe5e51efa8df13595e7c694164e652c3879d6,19535701216,artifacts/q5_k_m.gguf,1,1,q5_k_m:ctx8192,task.multihop.000002:baseline:ctx008192:p050:seed1064,0f316793be3f09d950071dcfea213d37600b9102f079b50650ba5f64ef262b62,1,1.0,0,1.0,1,1,exp_002,0,0.0,1,1,1.0,0,,20776632320.0,10.25095097125569,,98.8808835637026,83.34270187513903,83.83046149997972,83.34270187513903,1,Q5_K_M,/Users/shotomorisaki/Engineering/qwen-meetup-tokyo/experiments/exp_002-quantization_llama_cpp_gguf/results/raw/full-capability.jsonl,0d222dfe0ff801c93d39f8d24d367dd013c02a860f982bf711dab0b77107c092,0.5,0,1.0,1,0,calibrated.v1,8192,data/tasks/core.v002.jsonl,7631adc23aab29b0a1b06fae51267a940aa9f86d58dbe830724a3a2bc8703512,task.multihop.000002,multi_hop,q5_k_m,Q5_K_M
1.0,0.4997965494791667,1.0,1,1,1f6a8e5d44e8cea0927908fd701348906de3e705564611169cc324f4c8bf8722,22430999776,artifacts/q6_k.gguf,1,1,q6_k:ctx32768,task.multihop.000002:baseline:ctx032768:p050:seed1064,7c72b660a8e9327d38492b3a1621689838ba7f25bddfa2704de07f5556e528c3,1,1.0,0,1.0,1,1,exp_002,0,0.0,1,1,1.0,0,,24287936512.0,8.54249635681038,,91.52277257540491,358.5664974579122,359.1518064578995,358.5664974579122,1,Q6_K,/Users/shotomorisaki/Engineering/qwen-meetup-tokyo/experiments/exp_002-quantization_llama_cpp_gguf/results/raw/full-capability.jsonl,0d222dfe0ff801c93d39f8d24d367dd013c02a860f982bf711dab0b77107c092,0.5,0,1.0,1,0,calibrated.v1,32768,data/tasks/core.v002.jsonl,7631adc23aab29b0a1b06fae51267a940aa9f86d58dbe830724a3a2bc8703512,task.multihop.000002,multi_hop,q6_k,Q6_K
1.0,0.4991861979166667,1.0,1,1,1f6a8e5d44e8cea0927908fd701348906de3e705564611169cc324f4c8bf8722,22430999776,artifacts/q6_k.gguf,1,1,q6_k:ctx8192,task.multihop.000002:baseline:ctx008192:p050:seed1064,0f316793be3f09d950071dcfea213d37600b9102f079b50650ba5f64ef262b62,1,1.0,0,1.0,1,1,exp_002,0,0.0,1,1,1.0,0,,24253759488.0,9.837556522151466,,103.6342885670446,79.5200132499449,80.0282695419155,79.5200132499449,1,Q6_K,/Users/shotomorisaki/Engineering/qwen-meetup-tokyo/experiments/exp_002-quantization_llama_cpp_gguf/results/raw/full-capability.jsonl,0d222dfe0ff801c93d39f8d24d367dd013c02a860f982bf711dab0b77107c092,0.5,0,1.0,1,0,calibrated.v1,8192,data/tasks/core.v002.jsonl,7631adc23aab29b0a1b06fae51267a940aa9f86d58dbe830724a3a2bc8703512,task.multihop.000002,multi_hop,q6_k,Q6_K
1.0,0.4997965494791667,1.0,1,1,6cb70620c7811dce01e1a622fe0a4f9ac445e31c569640c36ecfac85c4609b6c,29047084256,artifacts/q8_0.gguf,1,1,q8_0:ctx32768,task.multihop.000002:baseline:ctx032768:p050:seed1064,7c72b660a8e9327d38492b3a1621689838ba7f25bddfa2704de07f5556e528c3,1,1.0,0,1.0,1,1,exp_002,0,0.0,1,1,1.0,0,,30744969216.0,7.135845317902073,,98.26165537883394,333.9756477079354,334.6763355419971,333.9756477079354,1,Q8_0,/Users/shotomorisaki/Engineering/qwen-meetup-tokyo/experiments/exp_002-quantization_llama_cpp_gguf/results/raw/full-capability.jsonl,0d222dfe0ff801c93d39f8d24d367dd013c02a860f982bf711dab0b77107c092,0.5,0,1.0,1,0,calibrated.v1,32768,data/tasks/core.v002.jsonl,7631adc23aab29b0a1b06fae51267a940aa9f86d58dbe830724a3a2bc8703512,task.multihop.000002,multi_hop,q8_0,Q8_0
1.0,0.4991861979166667,1.0,1,1,6cb70620c7811dce01e1a622fe0a4f9ac445e31c569640c36ecfac85c4609b6c,29047084256,artifacts/q8_0.gguf,1,1,q8_0:ctx8192,task.multihop.000002:baseline:ctx008192:p050:seed1064,0f316793be3f09d950071dcfea213d37600b9102f079b50650ba5f64ef262b62,1,1.0,0,1.0,1,1,exp_002,0,0.0,1,1,1.0,0,,30693310464.0,8.057134753798435,,112.1156708112111,73.50444358377717,74.12501158379018,73.50444358377717,1,Q8_0,/Users/shotomorisaki/Engineering/qwen-meetup-tokyo/experiments/exp_002-quantization_llama_cpp_gguf/results/raw/full-capability.jsonl,0d222dfe0ff801c93d39f8d24d367dd013c02a860f982bf711dab0b77107c092,0.5,0,1.0,1,0,calibrated.v1,8192,data/tasks/core.v002.jsonl,7631adc23aab29b0a1b06fae51267a940aa9f86d58dbe830724a3a2bc8703512,task.multihop.000002,multi_hop,q8_0,Q8_0
1.0,0.4997965494791667,1.0,1,1,8b259e30f860c924fa1fd12d459343e8c2520eb12741f943ad5dcea5d1c4d120,16810714336,artifacts/q4_k_m.gguf,1,1,q4_k_m:ctx32768,task.multihop.000003:baseline:ctx032768:p050:seed1065,06ae7599346fa52e818dd4ef7c335f9e20cc87a42ff175ac7dca41c8370564c7,1,1.0,0,1.0,1,1,exp_002,0,0.0,1,1,1.0,0,,16636559360.0,10.250728552869091,,95.24631509016189,344.517265249975,345.0050354581326,344.517265249975,1,Q4_K_M,/Users/shotomorisaki/Engineering/qwen-meetup-tokyo/experiments/exp_002-quantization_llama_cpp_gguf/results/raw/full-capability.jsonl,0d222dfe0ff801c93d39f8d24d367dd013c02a860f982bf711dab0b77107c092,0.5,0,1.0,1,0,calibrated.v1,32768,data/tasks/core.v002.jsonl,7631adc23aab29b0a1b06fae51267a940aa9f86d58dbe830724a3a2bc8703512,task.multihop.000003,multi_hop,q4_k_m,Q4_K_M
0.0,0.4991861979166667,1.0,1,1,8b259e30f860c924fa1fd12d459343e8c2520eb12741f943ad5dcea5d1c4d120,16810714336,artifacts/q4_k_m.gguf,1,1,q4_k_m:ctx8192,task.multihop.000003:baseline:ctx008192:p050:seed1065,83283f53cc0eaae884b8a5890d50fd2c880123a581f45733212c6ba4b23d0cf6,0,0.0,0,0.0,0,1,exp_002,0,0.0,1,0,0.0,0,,16622583808.0,12.236412724164419,,107.43429497850443,76.67942533292808,77.25148841692135,76.67942533292808,1,Q4_K_M,/Users/shotomorisaki/Engineering/qwen-meetup-tokyo/experiments/exp_002-quantization_llama_cpp_gguf/results/raw/full-capability.jsonl,0d222dfe0ff801c93d39f8d24d367dd013c02a860f982bf711dab0b77107c092,0.5,0,0.0,1,0,calibrated.v1,8192,data/tasks/core.v002.jsonl,7631adc23aab29b0a1b06fae51267a940aa9f86d58dbe830724a3a2bc8703512,task.multihop.000003,multi_hop,q4_k_m,Q4_K_M
1.0,0.4997965494791667,1.0,1,1,48fbca2bc04f59297981aabd0dbbe5e51efa8df13595e7c694164e652c3879d6,19535701216,artifacts/q5_k_m.gguf,1,1,q5_k_m:ctx32768,task.multihop.000003:baseline:ctx032768:p050:seed1065,06ae7599346fa52e818dd4ef7c335f9e20cc87a42ff175ac7dca41c8370564c7,1,1.0,0,1.0,1,1,exp_002,0,0.0,1,1,1.0,0,,20816297984.0,8.9739345383377,,88.75293882005076,369.7229684588965,370.28013766696677,369.7229684588965,1,Q5_K_M,/Users/shotomorisaki/Engineering/qwen-meetup-tokyo/experiments/exp_002-quantization_llama_cpp_gguf/results/raw/full-capability.jsonl,0d222dfe0ff801c93d39f8d24d367dd013c02a860f982bf711dab0b77107c092,0.5,0,1.0,1,0,calibrated.v1,32768,data/tasks/core.v002.jsonl,7631adc23aab29b0a1b06fae51267a940aa9f86d58dbe830724a3a2bc8703512,task.multihop.000003,multi_hop,q5_k_m,Q5_K_M
0.0,0.4991861979166667,1.0,1,1,48fbca2bc04f59297981aabd0dbbe5e51efa8df13595e7c694164e652c3879d6,19535701216,artifacts/q5_k_m.gguf,1,1,q5_k_m:ctx8192,task.multihop.000003:baseline:ctx008192:p050:seed1065,83283f53cc0eaae884b8a5890d50fd2c880123a581f45733212c6ba4b23d0cf6,0,0.0,0,0.0,0,1,exp_002,0,0.0,1,0,0.0,0,,20776648704.0,10.357018760161445,,98.87032354229245,83.32126066600904,83.99713083310053,83.32126066600904,1,Q5_K_M,/Users/shotomorisaki/Engineering/qwen-meetup-tokyo/experiments/exp_002-quantization_llama_cpp_gguf/results/raw/full-capability.jsonl,0d222dfe0ff801c93d39f8d24d367dd013c02a860f982bf711dab0b77107c092,0.5,0,0.0,1,0,calibrated.v1,8192,data/tasks/core.v002.jsonl,7631adc23aab29b0a1b06fae51267a940aa9f86d58dbe830724a3a2bc8703512,task.multihop.000003,multi_hop,q5_k_m,Q5_K_M
1.0,0.4997965494791667,1.0,1,1,1f6a8e5d44e8cea0927908fd701348906de3e705564611169cc324f4c8bf8722,22430999776,artifacts/q6_k.gguf,1,1,q6_k:ctx32768,task.multihop.000003:baseline:ctx032768:p050:seed1065,06ae7599346fa52e818dd4ef7c335f9e20cc87a42ff175ac7dca41c8370564c7,1,1.0,0,1.0,1,1,exp_002,0,0.0,1,1,1.0,0,,24287936512.0,8.521692317489848,,91.57349618543894,358.3351227908861,358.92186070792377,358.3351227908861,1,Q6_K,/Users/shotomorisaki/Engineering/qwen-meetup-tokyo/experiments/exp_002-quantization_llama_cpp_gguf/results/raw/full-capability.jsonl,0d222dfe0ff801c93d39f8d24d367dd013c02a860f982bf711dab0b77107c092,0.5,0,1.0,1,0,calibrated.v1,32768,data/tasks/core.v002.jsonl,7631adc23aab29b0a1b06fae51267a940aa9f86d58dbe830724a3a2bc8703512,task.multihop.000003,multi_hop,q6_k,Q6_K
0.0,0.4991861979166667,1.0,1,1,1f6a8e5d44e8cea0927908fd701348906de3e705564611169cc324f4c8bf8722,22430999776,artifacts/q6_k.gguf,1,1,q6_k:ctx8192,task.multihop.000003:baseline:ctx008192:p050:seed1065,83283f53cc0eaae884b8a5890d50fd2c880123a581f45733212c6ba4b23d0cf6,0,0.0,0,0.0,0,1,exp_002,0,0.0,1,0,0.0,0,,24253775872.0,9.866861977214212,,103.33545365223284,79.72094483394176,80.43039024993777,79.72094483394176,1,Q6_K,/Users/shotomorisaki/Engineering/qwen-meetup-tokyo/experiments/exp_002-quantization_llama_cpp_gguf/results/raw/full-capability.jsonl,0d222dfe0ff801c93d39f8d24d367dd013c02a860f982bf711dab0b77107c092,0.5,0,0.0,1,0,calibrated.v1,8192,data/tasks/core.v002.jsonl,7631adc23aab29b0a1b06fae51267a940aa9f86d58dbe830724a3a2bc8703512,task.multihop.000003,multi_hop,q6_k,Q6_K
1.0,0.4997965494791667,1.0,1,1,6cb70620c7811dce01e1a622fe0a4f9ac445e31c569640c36ecfac85c4609b6c,29047084256,artifacts/q8_0.gguf,1,1,q8_0:ctx32768,task.multihop.000003:baseline:ctx032768:p050:seed1065,06ae7599346fa52e818dd4ef7c335f9e20cc87a42ff175ac7dca41c8370564c7,1,1.0,0,1.0,1,1,exp_002,0,0.0,1,1,1.0,0,,30744985600.0,7.149787329313234,,98.23499481088587,334.03574829082936,334.73506979085505,334.03574829082936,1,Q8_0,/Users/shotomorisaki/Engineering/qwen-meetup-tokyo/experiments/exp_002-quantization_llama_cpp_gguf/results/raw/full-capability.jsonl,0d222dfe0ff801c93d39f8d24d367dd013c02a860f982bf711dab0b77107c092,0.5,0,1.0,1,0,calibrated.v1,32768,data/tasks/core.v002.jsonl,7631adc23aab29b0a1b06fae51267a940aa9f86d58dbe830724a3a2bc8703512,task.multihop.000003,multi_hop,q8_0,Q8_0
0.0,0.4991861979166667,1.0,1,1,6cb70620c7811dce01e1a622fe0a4f9ac445e31c569640c36ecfac85c4609b6c,29047084256,artifacts/q8_0.gguf,1,1,q8_0:ctx8192,task.multihop.000003:baseline:ctx008192:p050:seed1065,83283f53cc0eaae884b8a5890d50fd2c880123a581f45733212c6ba4b23d0cf6,0,0.0,0,0.0,0,1,exp_002,0,0.0,1,0,0.0,0,,30696275968.0,8.024026603338736,,111.77072963283793,73.7044486249797,74.57682858407497,73.7044486249797,1,Q8_0,/Users/shotomorisaki/Engineering/qwen-meetup-tokyo/experiments/exp_002-quantization_llama_cpp_gguf/results/raw/full-capability.jsonl,0d222dfe0ff801c93d39f8d24d367dd013c02a860f982bf711dab0b77107c092,0.5,0,0.0,1,0,calibrated.v1,8192,data/tasks/core.v002.jsonl,7631adc23aab29b0a1b06fae51267a940aa9f86d58dbe830724a3a2bc8703512,task.multihop.000003,multi_hop,q8_0,Q8_0
1.0,0.4998067220052083,1.0,1,1,8b259e30f860c924fa1fd12d459343e8c2520eb12741f943ad5dcea5d1c4d120,16810714336,artifacts/q4_k_m.gguf,1,1,q4_k_m:ctx32768,task.multihop.000004:baseline:ctx032768:p050:seed1066,6f302d57316dc8acc4f93967d2f81c69d4fce2342142c30bb9b81be655f75697,1,1.0,0,1.0,1,1,exp_002,0,0.0,1,1,1.0,0,,16636526592.0,10.259238126120577,,95.26549507779805,344.4269089580048,345.01174770784564,344.4269089580048,1,Q4_K_M,/Users/shotomorisaki/Engineering/qwen-meetup-tokyo/experiments/exp_002-quantization_llama_cpp_gguf/results/raw/full-capability.jsonl,0d222dfe0ff801c93d39f8d24d367dd013c02a860f982bf711dab0b77107c092,0.5,0,1.0,1,0,calibrated.v1,32768,data/tasks/core.v002.jsonl,7631adc23aab29b0a1b06fae51267a940aa9f86d58dbe830724a3a2bc8703512,task.multihop.000004,multi_hop,q4_k_m,Q4_K_M
1.0,0.4992268880208333,1.0,1,1,8b259e30f860c924fa1fd12d459343e8c2520eb12741f943ad5dcea5d1c4d120,16810714336,artifacts/q4_k_m.gguf,1,1,q4_k_m:ctx8192,task.multihop.000004:baseline:ctx008192:p050:seed1066,ac32879fdf43e51ccebcbe2024875608ad1ec4d79c75a8db4696f61d143cc27f,1,1.0,0,1.0,1,1,exp_002,0,0.0,1,1,1.0,0,,16622714880.0,12.14485882607751,,107.39421801350775,76.68941729213111,77.18345350003801,76.68941729213111,1,Q4_K_M,/Users/shotomorisaki/Engineering/qwen-meetup-tokyo/experiments/exp_002-quantization_llama_cpp_gguf/results/raw/full-capability.jsonl,0d222dfe0ff801c93d39f8d24d367dd013c02a860f982bf711dab0b77107c092,0.5,0,1.0,1,0,calibrated.v1,8192,data/tasks/core.v002.jsonl,7631adc23aab29b0a1b06fae51267a940aa9f86d58dbe830724a3a2bc8703512,task.multihop.000004,multi_hop,q4_k_m,Q4_K_M
1.0,0.4998067220052083,1.0,1,1,48fbca2bc04f59297981aabd0dbbe5e51efa8df13595e7c694164e652c3879d6,19535701216,artifacts/q5_k_m.gguf,1,1,q5_k_m:ctx32768,task.multihop.000004:baseline:ctx032768:p050:seed1066,6f302d57316dc8acc4f93967d2f81c69d4fce2342142c30bb9b81be655f75697,1,1.0,0,1.0,1,1,exp_002,0,0.0,1,1,1.0,0,,20816297984.0,8.995811897192365,,88.71951979204509,369.83969341707416,370.50667045800947,369.83969341707416,1,Q5_K_M,/Users/shotomorisaki/Engineering/qwen-meetup-tokyo/experiments/exp_002-quantization_llama_cpp_gguf/results/raw/full-capability.jsonl,0d222dfe0ff801c93d39f8d24d367dd013c02a860f982bf711dab0b77107c092,0.5,0,1.0,1,0,calibrated.v1,32768,data/tasks/core.v002.jsonl,7631adc23aab29b0a1b06fae51267a940aa9f86d58dbe830724a3a2bc8703512,task.multihop.000004,multi_hop,q5_k_m,Q5_K_M
1.0,0.4992268880208333,1.0,1,1,48fbca2bc04f59297981aabd0dbbe5e51efa8df13595e7c694164e652c3879d6,19535701216,artifacts/q5_k_m.gguf,1,1,q5_k_m:ctx8192,task.multihop.000004:baseline:ctx008192:p050:seed1066,ac32879fdf43e51ccebcbe2024875608ad1ec4d79c75a8db4696f61d143cc27f,1,1.0,0,1.0,1,1,exp_002,0,0.0,1,1,1.0,0,,20776648704.0,10.309725638156653,,98.90080365749763,83.27535970811732,83.85733445803635,83.27535970811732,1,Q5_K_M,/Users/shotomorisaki/Engineering/qwen-meetup-tokyo/experiments/exp_002-quantization_llama_cpp_gguf/results/raw/full-capability.jsonl,0d222dfe0ff801c93d39f8d24d367dd013c02a860f982bf711dab0b77107c092,0.5,0,1.0,1,0,calibrated.v1,8192,data/tasks/core.v002.jsonl,7631adc23aab29b0a1b06fae51267a940aa9f86d58dbe830724a3a2bc8703512,task.multihop.000004,multi_hop,q5_k_m,Q5_K_M
1.0,0.4998067220052083,1.0,1,1,1f6a8e5d44e8cea0927908fd701348906de3e705564611169cc324f4c8bf8722,22430999776,artifacts/q6_k.gguf,1,1,q6_k:ctx32768,task.multihop.000004:baseline:ctx032768:p050:seed1066,6f302d57316dc8acc4f93967d2f81c69d4fce2342142c30bb9b81be655f75697,1,1.0,0,1.0,1,1,exp_002,0,0.0,1,1,1.0,0,,24287936512.0,8.534377181959341,,91.64292791980782,358.04181233397685,358.7448513340205,358.04181233397685,1,Q6_K,/Users/shotomorisaki/Engineering/qwen-meetup-tokyo/experiments/exp_002-quantization_llama_cpp_gguf/results/raw/full-capability.jsonl,0d222dfe0ff801c93d39f8d24d367dd013c02a860f982bf711dab0b77107c092,0.5,0,1.0,1,0,calibrated.v1,32768,data/tasks/core.v002.jsonl,7631adc23aab29b0a1b06fae51267a940aa9f86d58dbe830724a3a2bc8703512,task.multihop.000004,multi_hop,q6_k,Q6_K
1.0,0.4992268880208333,1.0,1,1,1f6a8e5d44e8cea0927908fd701348906de3e705564611169cc324f4c8bf8722,22430999776,artifacts/q6_k.gguf,1,1,q6_k:ctx8192,task.multihop.000004:baseline:ctx008192:p050:seed1066,ac32879fdf43e51ccebcbe2024875608ad1ec4d79c75a8db4696f61d143cc27f,1,1.0,0,1.0,1,1,exp_002,0,0.0,1,1,1.0,0,,24253759488.0,9.80101423797448,,103.48692709828364,79.5849314588122,80.19711299985647,79.5849314588122,1,Q6_K,/Users/shotomorisaki/Engineering/qwen-meetup-tokyo/experiments/exp_002-quantization_llama_cpp_gguf/results/raw/full-capability.jsonl,0d222dfe0ff801c93d39f8d24d367dd013c02a860f982bf711dab0b77107c092,0.5,0,1.0,1,0,calibrated.v1,8192,data/tasks/core.v002.jsonl,7631adc23aab29b0a1b06fae51267a940aa9f86d58dbe830724a3a2bc8703512,task.multihop.000004,multi_hop,q6_k,Q6_K
1.0,0.4998067220052083,1.0,1,1,6cb70620c7811dce01e1a622fe0a4f9ac445e31c569640c36ecfac85c4609b6c,29047084256,artifacts/q8_0.gguf,1,1,q8_0:ctx32768,task.multihop.000004:baseline:ctx032768:p050:seed1066,6f302d57316dc8acc4f93967d2f81c69d4fce2342142c30bb9b81be655f75697,1,1.0,0,1.0,1,1,exp_002,0,0.0,1,1,1.0,0,,30744985600.0,7.16626551811136,,98.02342525985695,334.73631341708824,335.5735695841722,334.73631341708824,1,Q8_0,/Users/shotomorisaki/Engineering/qwen-meetup-tokyo/experiments/exp_002-quantization_llama_cpp_gguf/results/raw/full-capability.jsonl,0d222dfe0ff801c93d39f8d24d367dd013c02a860f982bf711dab0b77107c092,0.5,0,1.0,1,0,calibrated.v1,32768,data/tasks/core.v002.jsonl,7631adc23aab29b0a1b06fae51267a940aa9f86d58dbe830724a3a2bc8703512,task.multihop.000004,multi_hop,q8_0,Q8_0
1.0,0.4992268880208333,1.0,1,1,6cb70620c7811dce01e1a622fe0a4f9ac445e31c569640c36ecfac85c4609b6c,29047084256,artifacts/q8_0.gguf,1,1,q8_0:ctx8192,task.multihop.000004:baseline:ctx008192:p050:seed1066,ac32879fdf43e51ccebcbe2024875608ad1ec4d79c75a8db4696f61d143cc27f,1,1.0,0,1.0,1,1,exp_002,0,0.0,1,1,1.0,0,,30699274240.0,8.089384548957273,,112.24713336193335,73.37381145800464,74.11552425008267,73.37381145800464,1,Q8_0,/Users/shotomorisaki/Engineering/qwen-meetup-tokyo/experiments/exp_002-quantization_llama_cpp_gguf/results/raw/full-capability.jsonl,0d222dfe0ff801c93d39f8d24d367dd013c02a860f982bf711dab0b77107c092,0.5,0,1.0,1,0,calibrated.v1,8192,data/tasks/core.v002.jsonl,7631adc23aab29b0a1b06fae51267a940aa9f86d58dbe830724a3a2bc8703512,task.multihop.000004,multi_hop,q8_0,Q8_0
1.0,0.49981689453125,1.0,1,1,8b259e30f860c924fa1fd12d459343e8c2520eb12741f943ad5dcea5d1c4d120,16810714336,artifacts/q4_k_m.gguf,1,1,q4_k_m:ctx32768,task.multihop.000005:baseline:ctx032768:p050:seed1067,fdac683d1441c7620a97a75db3cabbbfbd2727fdff76e7f8a949fd633c13dc4b,1,1.0,0,1.0,1,1,exp_002,0,0.0,1,1,1.0,0,,16636526592.0,10.251118240351257,,95.2435813515704,344.52715379185975,345.01490545785055,344.52715379185975,1,Q4_K_M,/Users/shotomorisaki/Engineering/qwen-meetup-tokyo/experiments/exp_002-quantization_llama_cpp_gguf/results/raw/full-capability.jsonl,0d222dfe0ff801c93d39f8d24d367dd013c02a860f982bf711dab0b77107c092,0.5,0,1.0,1,0,calibrated.v1,32768,data/tasks/core.v002.jsonl,7631adc23aab29b0a1b06fae51267a940aa9f86d58dbe830724a3a2bc8703512,task.multihop.000005,multi_hop,q4_k_m,Q4_K_M
1.0,0.499267578125,1.0,1,1,8b259e30f860c924fa1fd12d459343e8c2520eb12741f943ad5dcea5d1c4d120,16810714336,artifacts/q4_k_m.gguf,1,1,q4_k_m:ctx8192,task.multihop.000005:baseline:ctx008192:p050:seed1067,1c5430327c4aafc6c1ef81da12f6a8a33ef39c7da94ea3f75274d9308c1c08ee,1,1.0,0,1.0,1,1,exp_002,0,0.0,1,1,1.0,0,,16622911488.0,12.270401613297148,,107.359471926442,76.73286624997854,77.14035087497905,76.73286624997854,1,Q4_K_M,/Users/shotomorisaki/Engineering/qwen-meetup-tokyo/experiments/exp_002-quantization_llama_cpp_gguf/results/raw/full-capability.jsonl,0d222dfe0ff801c93d39f8d24d367dd013c02a860f982bf711dab0b77107c092,0.5,0,1.0,1,0,calibrated.v1,8192,data/tasks/core.v002.jsonl,7631adc23aab29b0a1b06fae51267a940aa9f86d58dbe830724a3a2bc8703512,task.multihop.000005,multi_hop,q4_k_m,Q4_K_M
1.0,0.49981689453125,1.0,1,1,48fbca2bc04f59297981aabd0dbbe5e51efa8df13595e7c694164e652c3879d6,19535701216,artifacts/q5_k_m.gguf,1,1,q5_k_m:ctx32768,task.multihop.000005:baseline:ctx032768:p050:seed1067,fdac683d1441c7620a97a75db3cabbbfbd2727fdff76e7f8a949fd633c13dc4b,1,1.0,0,1.0,1,1,exp_002,0,0.0,1,1,1.0,0,,20816297984.0,8.97134417346465,,88.81166751213252,369.4784809160046,370.0358109998051,369.4784809160046,1,Q5_K_M,/Users/shotomorisaki/Engineering/qwen-meetup-tokyo/experiments/exp_002-quantization_llama_cpp_gguf/results/raw/full-capability.jsonl,0d222dfe0ff801c93d39f8d24d367dd013c02a860f982bf711dab0b77107c092,0.5,0,1.0,1,0,calibrated.v1,32768,data/tasks/core.v002.jsonl,7631adc23aab29b0a1b06fae51267a940aa9f86d58dbe830724a3a2bc8703512,task.multihop.000005,multi_hop,q5_k_m,Q5_K_M
1.0,0.499267578125,1.0,1,1,48fbca2bc04f59297981aabd0dbbe5e51efa8df13595e7c694164e652c3879d6,19535701216,artifacts/q5_k_m.gguf,1,1,q5_k_m:ctx8192,task.multihop.000005:baseline:ctx008192:p050:seed1067,1c5430327c4aafc6c1ef81da12f6a8a33ef39c7da94ea3f75274d9308c1c08ee,1,1.0,0,1.0,1,1,exp_002,0,0.0,1,1,1.0,0,,20776648704.0,10.358228989029625,,98.80654732278079,83.37504166690633,83.85774966701865,83.37504166690633,1,Q5_K_M,/Users/shotomorisaki/Engineering/qwen-meetup-tokyo/experiments/exp_002-quantization_llama_cpp_gguf/results/raw/full-capability.jsonl,0d222dfe0ff801c93d39f8d24d367dd013c02a860f982bf711dab0b77107c092,0.5,0,1.0,1,0,calibrated.v1,8192,data/tasks/core.v002.jsonl,7631adc23aab29b0a1b06fae51267a940aa9f86d58dbe830724a3a2bc8703512,task.multihop.000005,multi_hop,q5_k_m,Q5_K_M
1.0,0.49981689453125,1.0,1,1,1f6a8e5d44e8cea0927908fd701348906de3e705564611169cc324f4c8bf8722,22430999776,artifacts/q6_k.gguf,1,1,q6_k:ctx32768,task.multihop.000005:baseline:ctx032768:p050:seed1067,fdac683d1441c7620a97a75db3cabbbfbd2727fdff76e7f8a949fd633c13dc4b,1,1.0,0,1.0,1,1,exp_002,0,0.0,1,1,1.0,0,,24287952896.0,8.522947000240475,,91.67514793848513,357.9377916250378,358.52444316702895,357.9377916250378,1,Q6_K,/Users/shotomorisaki/Engineering/qwen-meetup-tokyo/experiments/exp_002-quantization_llama_cpp_gguf/results/raw/full-capability.jsonl,0d222dfe0ff801c93d39f8d24d367dd013c02a860f982bf711dab0b77107c092,0.5,0,1.0,1,0,calibrated.v1,32768,data/tasks/core.v002.jsonl,7631adc23aab29b0a1b06fae51267a940aa9f86d58dbe830724a3a2bc8703512,task.multihop.000005,multi_hop,q6_k,Q6_K
1.0,0.499267578125,1.0,1,1,1f6a8e5d44e8cea0927908fd701348906de3e705564611169cc324f4c8bf8722,22430999776,artifacts/q6_k.gguf,1,1,q6_k:ctx8192,task.multihop.000005:baseline:ctx008192:p050:seed1067,1c5430327c4aafc6c1ef81da12f6a8a33ef39c7da94ea3f75274d9308c1c08ee,1,1.0,0,1.0,1,1,exp_002,0,0.0,1,1,1.0,0,,24253759488.0,9.8499879762265,,103.61370004839662,79.5068605421111,80.01447537494823,79.5068605421111,1,Q6_K,/Users/shotomorisaki/Engineering/qwen-meetup-tokyo/experiments/exp_002-quantization_llama_cpp_gguf/results/raw/full-capability.jsonl,0d222dfe0ff801c93d39f8d24d367dd013c02a860f982bf711dab0b77107c092,0.5,0,1.0,1,0,calibrated.v1,8192,data/tasks/core.v002.jsonl,7631adc23aab29b0a1b06fae51267a940aa9f86d58dbe830724a3a2bc8703512,task.multihop.000005,multi_hop,q6_k,Q6_K
1.0,0.49981689453125,1.0,1,1,6cb70620c7811dce01e1a622fe0a4f9ac445e31c569640c36ecfac85c4609b6c,29047084256,artifacts/q8_0.gguf,1,1,q8_0:ctx32768,task.multihop.000005:baseline:ctx032768:p050:seed1067,fdac683d1441c7620a97a75db3cabbbfbd2727fdff76e7f8a949fd633c13dc4b,1,1.0,0,1.0,1,1,exp_002,0,0.0,1,1,1.0,0,,30744985600.0,7.137861485434321,,98.08303805123448,334.5532586670015,335.25374858407304,334.5532586670015,1,Q8_0,/Users/shotomorisaki/Engineering/qwen-meetup-tokyo/experiments/exp_002-quantization_llama_cpp_gguf/results/raw/full-capability.jsonl,0d222dfe0ff801c93d39f8d24d367dd013c02a860f982bf711dab0b77107c092,0.5,0,1.0,1,0,calibrated.v1,32768,data/tasks/core.v002.jsonl,7631adc23aab29b0a1b06fae51267a940aa9f86d58dbe830724a3a2bc8703512,task.multihop.000005,multi_hop,q8_0,Q8_0
1.0,0.499267578125,1.0,1,1,6cb70620c7811dce01e1a622fe0a4f9ac445e31c569640c36ecfac85c4609b6c,29047084256,artifacts/q8_0.gguf,1,1,q8_0:ctx8192,task.multihop.000005:baseline:ctx008192:p050:seed1067,1c5430327c4aafc6c1ef81da12f6a8a33ef39c7da94ea3f75274d9308c1c08ee,1,1.0,0,1.0,1,1,exp_002,0,0.0,1,1,1.0,0,,30702272512.0,8.072979202011572,,112.29517669945115,73.360230084043,73.97958012507297,73.360230084043,1,Q8_0,/Users/shotomorisaki/Engineering/qwen-meetup-tokyo/experiments/exp_002-quantization_llama_cpp_gguf/results/raw/full-capability.jsonl,0d222dfe0ff801c93d39f8d24d367dd013c02a860f982bf711dab0b77107c092,0.5,0,1.0,1,0,calibrated.v1,8192,data/tasks/core.v002.jsonl,7631adc23aab29b0a1b06fae51267a940aa9f86d58dbe830724a3a2bc8703512,task.multihop.000005,multi_hop,q8_0,Q8_0
0.0,0.49981689453125,1.0,1,1,8b259e30f860c924fa1fd12d459343e8c2520eb12741f943ad5dcea5d1c4d120,16810714336,artifacts/q4_k_m.gguf,1,1,q4_k_m:ctx32768,task.multihop.000006:baseline:ctx032768:p050:seed1068,3c3c7196f6670d40d722cb9d40a9ab28b8e72b752f8e313647bef9ecda8a547d,0,0.0,0,0.0,0,1,exp_002,0,0.0,1,0,0.0,0,,16636542976.0,10.262975378299574,,95.32169147087275,344.22385391709395,345.00335495895706,344.22385391709395,1,Q4_K_M,/Users/shotomorisaki/Engineering/qwen-meetup-tokyo/experiments/exp_002-quantization_llama_cpp_gguf/results/raw/full-capability.jsonl,0d222dfe0ff801c93d39f8d24d367dd013c02a860f982bf711dab0b77107c092,0.5,0,0.0,1,0,calibrated.v1,32768,data/tasks/core.v002.jsonl,7631adc23aab29b0a1b06fae51267a940aa9f86d58dbe830724a3a2bc8703512,task.multihop.000006,multi_hop,q4_k_m,Q4_K_M
0.0,0.499267578125,1.0,1,1,8b259e30f860c924fa1fd12d459343e8c2520eb12741f943ad5dcea5d1c4d120,16810714336,artifacts/q4_k_m.gguf,1,1,q4_k_m:ctx8192,task.multihop.000006:baseline:ctx008192:p050:seed1068,c877c22cfc649b447c19e6bd039752e569ea37362d8a9098f832fbf2fb67be82,0,0.0,0,0.0,0,1,exp_002,0,0.0,1,0,0.0,0,,16623157248.0,12.259766753248375,,107.33047329658739,76.73496395791881,77.46907254098915,76.73496395791881,1,Q4_K_M,/Users/shotomorisaki/Engineering/qwen-meetup-tokyo/experiments/exp_002-quantization_llama_cpp_gguf/results/raw/full-capability.jsonl,0d222dfe0ff801c93d39f8d24d367dd013c02a860f982bf711dab0b77107c092,0.5,0,0.0,1,0,calibrated.v1,8192,data/tasks/core.v002.jsonl,7631adc23aab29b0a1b06fae51267a940aa9f86d58dbe830724a3a2bc8703512,task.multihop.000006,multi_hop,q4_k_m,Q4_K_M
1.0,0.49981689453125,1.0,1,1,48fbca2bc04f59297981aabd0dbbe5e51efa8df13595e7c694164e652c3879d6,19535701216,artifacts/q5_k_m.gguf,1,1,q5_k_m:ctx32768,task.multihop.000006:baseline:ctx032768:p050:seed1068,3c3c7196f6670d40d722cb9d40a9ab28b8e72b752f8e313647bef9ecda8a547d,1,1.0,0,1.0,1,1,exp_002,0,0.0,1,1,1.0,0,,20816297984.0,8.923218153500995,,88.76465608371748,369.65163216600195,370.21196812484413,369.65163216600195,1,Q5_K_M,/Users/shotomorisaki/Engineering/qwen-meetup-tokyo/experiments/exp_002-quantization_llama_cpp_gguf/results/raw/full-capability.jsonl,0d222dfe0ff801c93d39f8d24d367dd013c02a860f982bf711dab0b77107c092,0.5,0,1.0,1,0,calibrated.v1,32768,data/tasks/core.v002.jsonl,7631adc23aab29b0a1b06fae51267a940aa9f86d58dbe830724a3a2bc8703512,task.multihop.000006,multi_hop,q5_k_m,Q5_K_M
0.0,0.499267578125,1.0,1,1,48fbca2bc04f59297981aabd0dbbe5e51efa8df13595e7c694164e652c3879d6,19535701216,artifacts/q5_k_m.gguf,1,1,q5_k_m:ctx8192,task.multihop.000006:baseline:ctx008192:p050:seed1068,c877c22cfc649b447c19e6bd039752e569ea37362d8a9098f832fbf2fb67be82,0,0.0,0,0.0,0,1,exp_002,0,0.0,1,0,0.0,0,,20776648704.0,10.353667869372313,,98.86269780668972,83.30745754181407,84.17671470879577,83.30745754181407,1,Q5_K_M,/Users/shotomorisaki/Engineering/qwen-meetup-tokyo/experiments/exp_002-quantization_llama_cpp_gguf/results/raw/full-capability.jsonl,0d222dfe0ff801c93d39f8d24d367dd013c02a860f982bf711dab0b77107c092,0.5,0,0.0,1,0,calibrated.v1,8192,data/tasks/core.v002.jsonl,7631adc23aab29b0a1b06fae51267a940aa9f86d58dbe830724a3a2bc8703512,task.multihop.000006,multi_hop,q5_k_m,Q5_K_M
1.0,0.49981689453125,1.0,1,1,1f6a8e5d44e8cea0927908fd701348906de3e705564611169cc324f4c8bf8722,22430999776,artifacts/q6_k.gguf,1,1,q6_k:ctx32768,task.multihop.000006:baseline:ctx032768:p050:seed1068,3c3c7196f6670d40d722cb9d40a9ab28b8e72b752f8e313647bef9ecda8a547d,1,1.0,0,1.0,1,1,exp_002,0,0.0,1,1,1.0,0,,24287936512.0,8.517621528615079,,91.63798450452921,358.0611269159708,358.64814525004476,358.0611269159708,1,Q6_K,/Users/shotomorisaki/Engineering/qwen-meetup-tokyo/experiments/exp_002-quantization_llama_cpp_gguf/results/raw/full-capability.jsonl,0d222dfe0ff801c93d39f8d24d367dd013c02a860f982bf711dab0b77107c092,0.5,0,1.0,1,0,calibrated.v1,32768,data/tasks/core.v002.jsonl,7631adc23aab29b0a1b06fae51267a940aa9f86d58dbe830724a3a2bc8703512,task.multihop.000006,multi_hop,q6_k,Q6_K
0.0,0.499267578125,1.0,1,1,1f6a8e5d44e8cea0927908fd701348906de3e705564611169cc324f4c8bf8722,22430999776,artifacts/q6_k.gguf,1,1,q6_k:ctx8192,task.multihop.000006:baseline:ctx008192:p050:seed1068,c877c22cfc649b447c19e6bd039752e569ea37362d8a9098f832fbf2fb67be82,0,0.0,0,0.0,0,1,exp_002,0,0.0,1,0,0.0,0,,24253759488.0,9.898420213010791,,103.55329833433332,79.53392245806754,80.44315845798701,79.53392245806754,1,Q6_K,/Users/shotomorisaki/Engineering/qwen-meetup-tokyo/experiments/exp_002-quantization_llama_cpp_gguf/results/raw/full-capability.jsonl,0d222dfe0ff801c93d39f8d24d367dd013c02a860f982bf711dab0b77107c092,0.5,0,0.0,1,0,calibrated.v1,8192,data/tasks/core.v002.jsonl,7631adc23aab29b0a1b06fae51267a940aa9f86d58dbe830724a3a2bc8703512,task.multihop.000006,multi_hop,q6_k,Q6_K
1.0,0.49981689453125,1.0,1,1,6cb70620c7811dce01e1a622fe0a4f9ac445e31c569640c36ecfac85c4609b6c,29047084256,artifacts/q8_0.gguf,1,1,q8_0:ctx32768,task.multihop.000006:baseline:ctx032768:p050:seed1068,3c3c7196f6670d40d722cb9d40a9ab28b8e72b752f8e313647bef9ecda8a547d,1,1.0,0,1.0,1,1,exp_002,0,0.0,1,1,1.0,0,,30745001984.0,7.14259524221965,,98.11269762842612,334.4317381249275,335.1317637921311,334.4317381249275,1,Q8_0,/Users/shotomorisaki/Engineering/qwen-meetup-tokyo/experiments/exp_002-quantization_llama_cpp_gguf/results/raw/full-capability.jsonl,0d222dfe0ff801c93d39f8d24d367dd013c02a860f982bf711dab0b77107c092,0.5,0,1.0,1,0,calibrated.v1,32768,data/tasks/core.v002.jsonl,7631adc23aab29b0a1b06fae51267a940aa9f86d58dbe830724a3a2bc8703512,task.multihop.000006,multi_hop,q8_0,Q8_0
0.0,0.499267578125,1.0,1,1,6cb70620c7811dce01e1a622fe0a4f9ac445e31c569640c36ecfac85c4609b6c,29047084256,artifacts/q8_0.gguf,1,1,q8_0:ctx8192,task.multihop.000006:baseline:ctx008192:p050:seed1068,c877c22cfc649b447c19e6bd039752e569ea37362d8a9098f832fbf2fb67be82,0,0.0,0,0.0,0,1,exp_002,0,0.0,1,0,0.0,0,,30705319936.0,8.067577312091283,,111.93341331032111,73.57945904112421,74.6950355831068,73.57945904112421,1,Q8_0,/Users/shotomorisaki/Engineering/qwen-meetup-tokyo/experiments/exp_002-quantization_llama_cpp_gguf/results/raw/full-capability.jsonl,0d222dfe0ff801c93d39f8d24d367dd013c02a860f982bf711dab0b77107c092,0.5,0,0.0,1,0,calibrated.v1,8192,data/tasks/core.v002.jsonl,7631adc23aab29b0a1b06fae51267a940aa9f86d58dbe830724a3a2bc8703512,task.multihop.000006,multi_hop,q8_0,Q8_0
1.0,0.4997965494791667,1.0,1,1,8b259e30f860c924fa1fd12d459343e8c2520eb12741f943ad5dcea5d1c4d120,16810714336,artifacts/q4_k_m.gguf,1,1,q4_k_m:ctx32768,task.multihop.000007:baseline:ctx032768:p050:seed1069,a85e4d8aaaa959054769682b188dc2be10debe06630a99b6e9dfe249d40aeda5,1,1.0,0,1.0,1,1,exp_002,0,0.0,1,1,1.0,0,,16636526592.0,10.236078967810819,,94.18423098472883,348.4128888340201,348.90135712502524,348.4128888340201,1,Q4_K_M,/Users/shotomorisaki/Engineering/qwen-meetup-tokyo/experiments/exp_002-quantization_llama_cpp_gguf/results/raw/full-capability.jsonl,0d222dfe0ff801c93d39f8d24d367dd013c02a860f982bf711dab0b77107c092,0.5,0,1.0,1,0,calibrated.v1,32768,data/tasks/core.v002.jsonl,7631adc23aab29b0a1b06fae51267a940aa9f86d58dbe830724a3a2bc8703512,task.multihop.000007,multi_hop,q4_k_m,Q4_K_M
1.0,0.4991861979166667,1.0,1,1,8b259e30f860c924fa1fd12d459343e8c2520eb12741f943ad5dcea5d1c4d120,16810714336,artifacts/q4_k_m.gguf,1,1,q4_k_m:ctx8192,task.multihop.000007:baseline:ctx008192:p050:seed1069,41d97215032c5e04265ba4226f828b1835b6a9792e5ae3203289e122fc15a232,1,1.0,0,1.0,1,1,exp_002,0,0.0,1,1,1.0,0,,16623222784.0,12.20299311918751,,107.45944956409245,76.67078170808963,77.08051725011319,76.67078170808963,1,Q4_K_M,/Users/shotomorisaki/Engineering/qwen-meetup-tokyo/experiments/exp_002-quantization_llama_cpp_gguf/results/raw/full-capability.jsonl,0d222dfe0ff801c93d39f8d24d367dd013c02a860f982bf711dab0b77107c092,0.5,0,1.0,1,0,calibrated.v1,8192,data/tasks/core.v002.jsonl,7631adc23aab29b0a1b06fae51267a940aa9f86d58dbe830724a3a2bc8703512,task.multihop.000007,multi_hop,q4_k_m,Q4_K_M
1.0,0.4997965494791667,1.0,1,1,48fbca2bc04f59297981aabd0dbbe5e51efa8df13595e7c694164e652c3879d6,19535701216,artifacts/q5_k_m.gguf,1,1,q5_k_m:ctx32768,task.multihop.000007:baseline:ctx032768:p050:seed1069,a85e4d8aaaa959054769682b188dc2be10debe06630a99b6e9dfe249d40aeda5,1,1.0,0,1.0,1,1,exp_002,0,0.0,1,1,1.0,0,,20816297984.0,8.898982311885483,,88.82058510150287,369.4526439169422,370.0145059169736,369.4526439169422,1,Q5_K_M,/Users/shotomorisaki/Engineering/qwen-meetup-tokyo/experiments/exp_002-quantization_llama_cpp_gguf/results/raw/full-capability.jsonl,0d222dfe0ff801c93d39f8d24d367dd013c02a860f982bf711dab0b77107c092,0.5,0,1.0,1,0,calibrated.v1,32768,data/tasks/core.v002.jsonl,7631adc23aab29b0a1b06fae51267a940aa9f86d58dbe830724a3a2bc8703512,task.multihop.000007,multi_hop,q5_k_m,Q5_K_M
1.0,0.4991861979166667,1.0,1,1,48fbca2bc04f59297981aabd0dbbe5e51efa8df13595e7c694164e652c3879d6,19535701216,artifacts/q5_k_m.gguf,1,1,q5_k_m:ctx8192,task.multihop.000007:baseline:ctx008192:p050:seed1069,41d97215032c5e04265ba4226f828b1835b6a9792e5ae3203289e122fc15a232,1,1.0,0,1.0,1,1,exp_002,0,0.0,1,1,1.0,0,,20776648704.0,10.396158620589972,,98.86054334500909,83.3396188330371,83.82056570798159,83.3396188330371,1,Q5_K_M,/Users/shotomorisaki/Engineering/qwen-meetup-tokyo/experiments/exp_002-quantization_llama_cpp_gguf/results/raw/full-capability.jsonl,0d222dfe0ff801c93d39f8d24d367dd013c02a860f982bf711dab0b77107c092,0.5,0,1.0,1,0,calibrated.v1,8192,data/tasks/core.v002.jsonl,7631adc23aab29b0a1b06fae51267a940aa9f86d58dbe830724a3a2bc8703512,task.multihop.000007,multi_hop,q5_k_m,Q5_K_M
1.0,0.4997965494791667,1.0,1,1,1f6a8e5d44e8cea0927908fd701348906de3e705564611169cc324f4c8bf8722,22430999776,artifacts/q6_k.gguf,1,1,q6_k:ctx32768,task.multihop.000007:baseline:ctx032768:p050:seed1069,a85e4d8aaaa959054769682b188dc2be10debe06630a99b6e9dfe249d40aeda5,1,1.0,0,1.0,1,1,exp_002,0,0.0,1,1,1.0,0,,24287936512.0,8.520751390615567,,91.65915581765351,358.0111523750238,358.597955084173,358.0111523750238,1,Q6_K,/Users/shotomorisaki/Engineering/qwen-meetup-tokyo/experiments/exp_002-quantization_llama_cpp_gguf/results/raw/full-capability.jsonl,0d222dfe0ff801c93d39f8d24d367dd013c02a860f982bf711dab0b77107c092,0.5,0,1.0,1,0,calibrated.v1,32768,data/tasks/core.v002.jsonl,7631adc23aab29b0a1b06fae51267a940aa9f86d58dbe830724a3a2bc8703512,task.multihop.000007,multi_hop,q6_k,Q6_K
1.0,0.4991861979166667,1.0,1,1,1f6a8e5d44e8cea0927908fd701348906de3e705564611169cc324f4c8bf8722,22430999776,artifacts/q6_k.gguf,1,1,q6_k:ctx8192,task.multihop.000007:baseline:ctx008192:p050:seed1069,41d97215032c5e04265ba4226f828b1835b6a9792e5ae3203289e122fc15a232,1,1.0,0,1.0,1,1,exp_002,0,0.0,1,1,1.0,0,,24253759488.0,9.848599931955494,,103.49804729652173,79.60536662489176,80.11305300006643,79.60536662489176,1,Q6_K,/Users/shotomorisaki/Engineering/qwen-meetup-tokyo/experiments/exp_002-quantization_llama_cpp_gguf/results/raw/full-capability.jsonl,0d222dfe0ff801c93d39f8d24d367dd013c02a860f982bf711dab0b77107c092,0.5,0,1.0,1,0,calibrated.v1,8192,data/tasks/core.v002.jsonl,7631adc23aab29b0a1b06fae51267a940aa9f86d58dbe830724a3a2bc8703512,task.multihop.000007,multi_hop,q6_k,Q6_K
1.0,0.4997965494791667,1.0,1,1,6cb70620c7811dce01e1a622fe0a4f9ac445e31c569640c36ecfac85c4609b6c,29047084256,artifacts/q8_0.gguf,1,1,q8_0:ctx32768,task.multihop.000007:baseline:ctx032768:p050:seed1069,a85e4d8aaaa959054769682b188dc2be10debe06630a99b6e9dfe249d40aeda5,1,1.0,0,1.0,1,1,exp_002,0,0.0,1,1,1.0,0,,30744952832.0,7.144001888947697,,98.06496088906663,334.6251270840876,335.3250149169471,334.6251270840876,1,Q8_0,/Users/shotomorisaki/Engineering/qwen-meetup-tokyo/experiments/exp_002-quantization_llama_cpp_gguf/results/raw/full-capability.jsonl,0d222dfe0ff801c93d39f8d24d367dd013c02a860f982bf711dab0b77107c092,0.5,0,1.0,1,0,calibrated.v1,32768,data/tasks/core.v002.jsonl,7631adc23aab29b0a1b06fae51267a940aa9f86d58dbe830724a3a2bc8703512,task.multihop.000007,multi_hop,q8_0,Q8_0
1.0,0.4991861979166667,1.0,1,1,6cb70620c7811dce01e1a622fe0a4f9ac445e31c569640c36ecfac85c4609b6c,29047084256,artifacts/q8_0.gguf,1,1,q8_0:ctx8192,task.multihop.000007:baseline:ctx008192:p050:seed1069,41d97215032c5e04265ba4226f828b1835b6a9792e5ae3203289e122fc15a232,1,1.0,0,1.0,1,1,exp_002,0,0.0,1,1,1.0,0,,30708334592.0,8.041579790403395,,112.37147150726956,73.31932108290493,73.94108945806511,73.31932108290493,1,Q8_0,/Users/shotomorisaki/Engineering/qwen-meetup-tokyo/experiments/exp_002-quantization_llama_cpp_gguf/results/raw/full-capability.jsonl,0d222dfe0ff801c93d39f8d24d367dd013c02a860f982bf711dab0b77107c092,0.5,0,1.0,1,0,calibrated.v1,8192,data/tasks/core.v002.jsonl,7631adc23aab29b0a1b06fae51267a940aa9f86d58dbe830724a3a2bc8703512,task.multihop.000007,multi_hop,q8_0,Q8_0
0.0,0.4998067220052083,0.0,0,1,8b259e30f860c924fa1fd12d459343e8c2520eb12741f943ad5dcea5d1c4d120,16810714336,artifacts/q4_k_m.gguf,1,1,q4_k_m:ctx32768,task.multihop.000008:baseline:ctx032768:p050:seed1070,9fdaffba8a508a7cebdf6a3bcdeee1ce2163b9b530cc39e9e7625b6d10e1cf36,0,0.0,0,0.0,0,1,exp_002,0,0.0,1,0,0.0,0,,16636526592.0,10.383325752080387,,95.32334983161158,344.24933720822446,350.4130656251218,344.24933720822446,1,Q4_K_M,/Users/shotomorisaki/Engineering/qwen-meetup-tokyo/experiments/exp_002-quantization_llama_cpp_gguf/results/raw/full-capability.jsonl,0d222dfe0ff801c93d39f8d24d367dd013c02a860f982bf711dab0b77107c092,0.5,0,0.0,1,0,calibrated.v1,32768,data/tasks/core.v002.jsonl,7631adc23aab29b0a1b06fae51267a940aa9f86d58dbe830724a3a2bc8703512,task.multihop.000008,multi_hop,q4_k_m,Q4_K_M
0.0,0.4992268880208333,1.0,1,1,8b259e30f860c924fa1fd12d459343e8c2520eb12741f943ad5dcea5d1c4d120,16810714336,artifacts/q4_k_m.gguf,1,1,q4_k_m:ctx8192,task.multihop.000008:baseline:ctx008192:p050:seed1070,3c8a8613c0ec86e4620f4d0139d9c60f78662166154ba476bff97e3fe5ce96de,0,0.0,0,0.0,0,1,exp_002,0,0.0,1,0,0.0,0,,16623403008.0,12.359832181498179,,107.36319015158585,76.73952300008386,81.91758683300577,76.73952300008386,1,Q4_K_M,/Users/shotomorisaki/Engineering/qwen-meetup-tokyo/experiments/exp_002-quantization_llama_cpp_gguf/results/raw/full-capability.jsonl,0d222dfe0ff801c93d39f8d24d367dd013c02a860f982bf711dab0b77107c092,0.5,0,0.0,1,0,calibrated.v1,8192,data/tasks/core.v002.jsonl,7631adc23aab29b0a1b06fae51267a940aa9f86d58dbe830724a3a2bc8703512,task.multihop.000008,multi_hop,q4_k_m,Q4_K_M
0.0,0.4998067220052083,1.0,1,1,48fbca2bc04f59297981aabd0dbbe5e51efa8df13595e7c694164e652c3879d6,19535701216,artifacts/q5_k_m.gguf,1,1,q5_k_m:ctx32768,task.multihop.000008:baseline:ctx032768:p050:seed1070,9fdaffba8a508a7cebdf6a3bcdeee1ce2163b9b530cc39e9e7625b6d10e1cf36,0,0.0,0,0.0,0,1,exp_002,0,0.0,1,0,0.0,0,,20816297984.0,8.847523261887645,,88.86408726275042,369.271783583099,370.28901741607115,369.271783583099,1,Q5_K_M,/Users/shotomorisaki/Engineering/qwen-meetup-tokyo/experiments/exp_002-quantization_llama_cpp_gguf/results/raw/full-capability.jsonl,0d222dfe0ff801c93d39f8d24d367dd013c02a860f982bf711dab0b77107c092,0.5,0,0.0,1,0,calibrated.v1,32768,data/tasks/core.v002.jsonl,7631adc23aab29b0a1b06fae51267a940aa9f86d58dbe830724a3a2bc8703512,task.multihop.000008,multi_hop,q5_k_m,Q5_K_M
1.0,0.4992268880208333,1.0,1,1,48fbca2bc04f59297981aabd0dbbe5e51efa8df13595e7c694164e652c3879d6,19535701216,artifacts/q5_k_m.gguf,1,1,q5_k_m:ctx8192,task.multihop.000008:baseline:ctx008192:p050:seed1070,3c8a8613c0ec86e4620f4d0139d9c60f78662166154ba476bff97e3fe5ce96de,1,1.0,0,1.0,1,1,exp_002,0,0.0,1,1,1.0,0,,20776648704.0,10.34020271748222,,98.92645885998095,83.28408895805478,83.86434837500565,83.28408895805478,1,Q5_K_M,/Users/shotomorisaki/Engineering/qwen-meetup-tokyo/experiments/exp_002-quantization_llama_cpp_gguf/results/raw/full-capability.jsonl,0d222dfe0ff801c93d39f8d24d367dd013c02a860f982bf711dab0b77107c092,0.5,0,1.0,1,0,calibrated.v1,8192,data/tasks/core.v002.jsonl,7631adc23aab29b0a1b06fae51267a940aa9f86d58dbe830724a3a2bc8703512,task.multihop.000008,multi_hop,q5_k_m,Q5_K_M
0.0,0.4998067220052083,1.0,1,1,1f6a8e5d44e8cea0927908fd701348906de3e705564611169cc324f4c8bf8722,22430999776,artifacts/q6_k.gguf,1,1,q6_k:ctx32768,task.multihop.000008:baseline:ctx032768:p050:seed1070,9fdaffba8a508a7cebdf6a3bcdeee1ce2163b9b530cc39e9e7625b6d10e1cf36,0,0.0,0,0.0,0,1,exp_002,0,0.0,1,0,0.0,0,,24287952896.0,8.537153931873716,,91.74513696548797,357.6756336670369,358.7298491669353,357.6756336670369,1,Q6_K,/Users/shotomorisaki/Engineering/qwen-meetup-tokyo/experiments/exp_002-quantization_llama_cpp_gguf/results/raw/full-capability.jsonl,0d222dfe0ff801c93d39f8d24d367dd013c02a860f982bf711dab0b77107c092,0.5,0,0.0,1,0,calibrated.v1,32768,data/tasks/core.v002.jsonl,7631adc23aab29b0a1b06fae51267a940aa9f86d58dbe830724a3a2bc8703512,task.multihop.000008,multi_hop,q6_k,Q6_K
1.0,0.4992268880208333,1.0,1,1,1f6a8e5d44e8cea0927908fd701348906de3e705564611169cc324f4c8bf8722,22430999776,artifacts/q6_k.gguf,1,1,q6_k:ctx8192,task.multihop.000008:baseline:ctx008192:p050:seed1070,3c8a8613c0ec86e4620f4d0139d9c60f78662166154ba476bff97e3fe5ce96de,1,1.0,0,1.0,1,1,exp_002,0,0.0,1,1,1.0,0,,24253759488.0,9.778688574119425,,103.60945140202519,79.51977245812304,80.13335166708566,79.51977245812304,1,Q6_K,/Users/shotomorisaki/Engineering/qwen-meetup-tokyo/experiments/exp_002-quantization_llama_cpp_gguf/results/raw/full-capability.jsonl,0d222dfe0ff801c93d39f8d24d367dd013c02a860f982bf711dab0b77107c092,0.5,0,1.0,1,0,calibrated.v1,8192,data/tasks/core.v002.jsonl,7631adc23aab29b0a1b06fae51267a940aa9f86d58dbe830724a3a2bc8703512,task.multihop.000008,multi_hop,q6_k,Q6_K
0.0,0.4998067220052083,1.0,1,1,6cb70620c7811dce01e1a622fe0a4f9ac445e31c569640c36ecfac85c4609b6c,29047084256,artifacts/q8_0.gguf,1,1,q8_0:ctx32768,task.multihop.000008:baseline:ctx032768:p050:seed1070,9fdaffba8a508a7cebdf6a3bcdeee1ce2163b9b530cc39e9e7625b6d10e1cf36,0,0.0,0,0.0,0,1,exp_002,0,0.0,1,0,0.0,0,,30744952832.0,7.135857439296186,,98.02091808507461,334.775481000077,336.03671695897356,334.775481000077,1,Q8_0,/Users/shotomorisaki/Engineering/qwen-meetup-tokyo/experiments/exp_002-quantization_llama_cpp_gguf/results/raw/full-capability.jsonl,0d222dfe0ff801c93d39f8d24d367dd013c02a860f982bf711dab0b77107c092,0.5,0,0.0,1,0,calibrated.v1,32768,data/tasks/core.v002.jsonl,7631adc23aab29b0a1b06fae51267a940aa9f86d58dbe830724a3a2bc8703512,task.multihop.000008,multi_hop,q8_0,Q8_0
1.0,0.4992268880208333,1.0,1,1,6cb70620c7811dce01e1a622fe0a4f9ac445e31c569640c36ecfac85c4609b6c,29047084256,artifacts/q8_0.gguf,1,1,q8_0:ctx8192,task.multihop.000008:baseline:ctx008192:p050:seed1070,3c8a8613c0ec86e4620f4d0139d9c60f78662166154ba476bff97e3fe5ce96de,1,1.0,0,1.0,1,1,exp_002,0,0.0,1,1,1.0,0,,30711349248.0,8.067131537247315,,112.15152162793463,73.4631138339173,74.20687262504362,73.4631138339173,1,Q8_0,/Users/shotomorisaki/Engineering/qwen-meetup-tokyo/experiments/exp_002-quantization_llama_cpp_gguf/results/raw/full-capability.jsonl,0d222dfe0ff801c93d39f8d24d367dd013c02a860f982bf711dab0b77107c092,0.5,0,1.0,1,0,calibrated.v1,8192,data/tasks/core.v002.jsonl,7631adc23aab29b0a1b06fae51267a940aa9f86d58dbe830724a3a2bc8703512,task.multihop.000008,multi_hop,q8_0,Q8_0
1.0,0.4997355143229167,1.0,1,1,8b259e30f860c924fa1fd12d459343e8c2520eb12741f943ad5dcea5d1c4d120,16810714336,artifacts/q4_k_m.gguf,1,1,q4_k_m:ctx32768,task.multihop.000009:baseline:ctx032768:p050:seed1071,fb232a75f3b7bc99096dd40d7ceeb4340af9dbfef289aef4e04008c7e78e3cae,1,1.0,0,1.0,1,1,exp_002,0,0.0,1,1,1.0,0,,16636542976.0,10.262679149260753,,95.34931130945118,344.13463033316657,344.9141538750846,344.13463033316657,1,Q4_K_M,/Users/shotomorisaki/Engineering/qwen-meetup-tokyo/experiments/exp_002-quantization_llama_cpp_gguf/results/raw/full-capability.jsonl,0d222dfe0ff801c93d39f8d24d367dd013c02a860f982bf711dab0b77107c092,0.5,0,1.0,1,0,calibrated.v1,32768,data/tasks/core.v002.jsonl,7631adc23aab29b0a1b06fae51267a940aa9f86d58dbe830724a3a2bc8703512,task.multihop.000009,multi_hop,q4_k_m,Q4_K_M
1.0,0.4990234375,1.0,1,1,8b259e30f860c924fa1fd12d459343e8c2520eb12741f943ad5dcea5d1c4d120,16810714336,artifacts/q4_k_m.gguf,1,1,q4_k_m:ctx8192,task.multihop.000009:baseline:ctx008192:p050:seed1071,57b7b59c1de63afdc091a7d254420df0f3ce7b7687905e1cfbcc93e373f55008,1,1.0,0,1.0,1,1,exp_002,0,0.0,1,1,1.0,0,,16623501312.0,12.223758973642832,,107.61813600817294,76.53914391691796,77.19360708305612,76.53914391691796,1,Q4_K_M,/Users/shotomorisaki/Engineering/qwen-meetup-tokyo/experiments/exp_002-quantization_llama_cpp_gguf/results/raw/full-capability.jsonl,0d222dfe0ff801c93d39f8d24d367dd013c02a860f982bf711dab0b77107c092,0.5,0,1.0,1,0,calibrated.v1,8192,data/tasks/core.v002.jsonl,7631adc23aab29b0a1b06fae51267a940aa9f86d58dbe830724a3a2bc8703512,task.multihop.000009,multi_hop,q4_k_m,Q4_K_M
1.0,0.4997355143229167,1.0,1,1,48fbca2bc04f59297981aabd0dbbe5e51efa8df13595e7c694164e652c3879d6,19535701216,artifacts/q5_k_m.gguf,1,1,q5_k_m:ctx32768,task.multihop.000009:baseline:ctx032768:p050:seed1071,fb232a75f3b7bc99096dd40d7ceeb4340af9dbfef289aef4e04008c7e78e3cae,1,1.0,0,1.0,1,1,exp_002,0,0.0,1,1,1.0,0,,20816297984.0,8.993638971634487,,88.8244684782053,369.4139752499759,370.3034928329289,369.4139752499759,1,Q5_K_M,/Users/shotomorisaki/Engineering/qwen-meetup-tokyo/experiments/exp_002-quantization_llama_cpp_gguf/results/raw/full-capability.jsonl,0d222dfe0ff801c93d39f8d24d367dd013c02a860f982bf711dab0b77107c092,0.5,0,1.0,1,0,calibrated.v1,32768,data/tasks/core.v002.jsonl,7631adc23aab29b0a1b06fae51267a940aa9f86d58dbe830724a3a2bc8703512,task.multihop.000009,multi_hop,q5_k_m,Q5_K_M
1.0,0.4990234375,1.0,1,1,48fbca2bc04f59297981aabd0dbbe5e51efa8df13595e7c694164e652c3879d6,19535701216,artifacts/q5_k_m.gguf,1,1,q5_k_m:ctx8192,task.multihop.000009:baseline:ctx008192:p050:seed1071,57b7b59c1de63afdc091a7d254420df0f3ce7b7687905e1cfbcc93e373f55008,1,1.0,0,1.0,1,1,exp_002,0,0.0,1,1,1.0,0,,20776648704.0,10.322470760423588,,98.67604838255015,83.47517087496817,84.25017912499607,83.47517087496817,1,Q5_K_M,/Users/shotomorisaki/Engineering/qwen-meetup-tokyo/experiments/exp_002-quantization_llama_cpp_gguf/results/raw/full-capability.jsonl,0d222dfe0ff801c93d39f8d24d367dd013c02a860f982bf711dab0b77107c092,0.5,0,1.0,1,0,calibrated.v1,8192,data/tasks/core.v002.jsonl,7631adc23aab29b0a1b06fae51267a940aa9f86d58dbe830724a3a2bc8703512,task.multihop.000009,multi_hop,q5_k_m,Q5_K_M
1.0,0.4997355143229167,1.0,1,1,1f6a8e5d44e8cea0927908fd701348906de3e705564611169cc324f4c8bf8722,22430999776,artifacts/q6_k.gguf,1,1,q6_k:ctx32768,task.multihop.000009:baseline:ctx032768:p050:seed1071,fb232a75f3b7bc99096dd40d7ceeb4340af9dbfef289aef4e04008c7e78e3cae,1,1.0,0,1.0,1,1,exp_002,0,0.0,1,1,1.0,0,,24287936512.0,8.532637451551972,,91.81200538819736,357.3933480840642,358.3309245421551,357.3933480840642,1,Q6_K,/Users/shotomorisaki/Engineering/qwen-meetup-tokyo/experiments/exp_002-quantization_llama_cpp_gguf/results/raw/full-capability.jsonl,0d222dfe0ff801c93d39f8d24d367dd013c02a860f982bf711dab0b77107c092,0.5,0,1.0,1,0,calibrated.v1,32768,data/tasks/core.v002.jsonl,7631adc23aab29b0a1b06fae51267a940aa9f86d58dbe830724a3a2bc8703512,task.multihop.000009,multi_hop,q6_k,Q6_K
1.0,0.4990234375,1.0,1,1,1f6a8e5d44e8cea0927908fd701348906de3e705564611169cc324f4c8bf8722,22430999776,artifacts/q6_k.gguf,1,1,q6_k:ctx8192,task.multihop.000009:baseline:ctx008192:p050:seed1071,57b7b59c1de63afdc091a7d254420df0f3ce7b7687905e1cfbcc93e373f55008,1,1.0,0,1.0,1,1,exp_002,0,0.0,1,1,1.0,0,,24253759488.0,9.874277805922478,,103.47584907720123,79.60311583289877,80.41330166696571,79.60311583289877,1,Q6_K,/Users/shotomorisaki/Engineering/qwen-meetup-tokyo/experiments/exp_002-quantization_llama_cpp_gguf/results/raw/full-capability.jsonl,0d222dfe0ff801c93d39f8d24d367dd013c02a860f982bf711dab0b77107c092,0.5,0,1.0,1,0,calibrated.v1,8192,data/tasks/core.v002.jsonl,7631adc23aab29b0a1b06fae51267a940aa9f86d58dbe830724a3a2bc8703512,task.multihop.000009,multi_hop,q6_k,Q6_K
1.0,0.4997355143229167,1.0,1,1,6cb70620c7811dce01e1a622fe0a4f9ac445e31c569640c36ecfac85c4609b6c,29047084256,artifacts/q8_0.gguf,1,1,q8_0:ctx32768,task.multihop.000009:baseline:ctx032768:p050:seed1071,fb232a75f3b7bc99096dd40d7ceeb4340af9dbfef289aef4e04008c7e78e3cae,1,1.0,0,1.0,1,1,exp_002,0,0.0,1,1,1.0,0,,30744952832.0,7.144020966733446,,97.73995927875482,335.7173487909604,336.8371663331054,335.7173487909604,1,Q8_0,/Users/shotomorisaki/Engineering/qwen-meetup-tokyo/experiments/exp_002-quantization_llama_cpp_gguf/results/raw/full-capability.jsonl,0d222dfe0ff801c93d39f8d24d367dd013c02a860f982bf711dab0b77107c092,0.5,0,1.0,1,0,calibrated.v1,32768,data/tasks/core.v002.jsonl,7631adc23aab29b0a1b06fae51267a940aa9f86d58dbe830724a3a2bc8703512,task.multihop.000009,multi_hop,q8_0,Q8_0
1.0,0.4990234375,1.0,1,1,6cb70620c7811dce01e1a622fe0a4f9ac445e31c569640c36ecfac85c4609b6c,29047084256,artifacts/q8_0.gguf,1,1,q8_0:ctx8192,task.multihop.000009:baseline:ctx008192:p050:seed1071,57b7b59c1de63afdc091a7d254420df0f3ce7b7687905e1cfbcc93e373f55008,1,1.0,0,1.0,1,1,exp_002,0,0.0,1,1,1.0,0,,30714347520.0,8.08575277965688,,112.21149813479121,73.40602466696873,74.39541925000958,73.40602466696873,1,Q8_0,/Users/shotomorisaki/Engineering/qwen-meetup-tokyo/experiments/exp_002-quantization_llama_cpp_gguf/results/raw/full-capability.jsonl,0d222dfe0ff801c93d39f8d24d367dd013c02a860f982bf711dab0b77107c092,0.5,0,1.0,1,0,calibrated.v1,8192,data/tasks/core.v002.jsonl,7631adc23aab29b0a1b06fae51267a940aa9f86d58dbe830724a3a2bc8703512,task.multihop.000009,multi_hop,q8_0,Q8_0
1.0,0.4997660319010417,1.0,1,1,8b259e30f860c924fa1fd12d459343e8c2520eb12741f943ad5dcea5d1c4d120,16810714336,artifacts/q4_k_m.gguf,1,1,q4_k_m:ctx32768,task.multihop.000010:baseline:ctx032768:p050:seed1072,1effdf2f7bd5c18544a015548d7e1fa2d09783efde5b7e9b14e04841abbf178b,1,1.0,0,1.0,1,1,exp_002,0,0.0,1,1,1.0,0,,16636542976.0,10.255866146990131,,95.00931506697448,345.40823683305643,346.0907730420586,345.40823683305643,1,Q4_K_M,/Users/shotomorisaki/Engineering/qwen-meetup-tokyo/experiments/exp_002-quantization_llama_cpp_gguf/results/raw/full-capability.jsonl,0d222dfe0ff801c93d39f8d24d367dd013c02a860f982bf711dab0b77107c092,0.5,0,1.0,1,0,calibrated.v1,32768,data/tasks/core.v002.jsonl,7631adc23aab29b0a1b06fae51267a940aa9f86d58dbe830724a3a2bc8703512,task.multihop.000010,multi_hop,q4_k_m,Q4_K_M
1.0,0.4989827473958333,1.0,1,1,8b259e30f860c924fa1fd12d459343e8c2520eb12741f943ad5dcea5d1c4d120,16810714336,artifacts/q4_k_m.gguf,1,1,q4_k_m:ctx8192,task.multihop.000010:baseline:ctx008192:p050:seed1072,ec4d55c8ce490f4edfb0b37ad3cd665af700f7c3e0fbeb4d3c34d4d00d927cbb,1,1.0,0,1.0,1,1,exp_002,0,0.0,1,1,1.0,0,,16623747072.0,12.228319303093938,,107.50595840413581,76.65621629101224,77.22865800000727,76.65621629101224,1,Q4_K_M,/Users/shotomorisaki/Engineering/qwen-meetup-tokyo/experiments/exp_002-quantization_llama_cpp_gguf/results/raw/full-capability.jsonl,0d222dfe0ff801c93d39f8d24d367dd013c02a860f982bf711dab0b77107c092,0.5,0,1.0,1,0,calibrated.v1,8192,data/tasks/core.v002.jsonl,7631adc23aab29b0a1b06fae51267a940aa9f86d58dbe830724a3a2bc8703512,task.multihop.000010,multi_hop,q4_k_m,Q4_K_M
1.0,0.4997660319010417,1.0,1,1,48fbca2bc04f59297981aabd0dbbe5e51efa8df13595e7c694164e652c3879d6,19535701216,artifacts/q5_k_m.gguf,1,1,q5_k_m:ctx32768,task.multihop.000010:baseline:ctx032768:p050:seed1072,1effdf2f7bd5c18544a015548d7e1fa2d09783efde5b7e9b14e04841abbf178b,1,1.0,0,1.0,1,1,exp_002,0,0.0,1,1,1.0,0,,20816297984.0,8.986310004339837,,88.84078905601766,369.39113608398475,370.17009875015356,369.39113608398475,1,Q5_K_M,/Users/shotomorisaki/Engineering/qwen-meetup-tokyo/experiments/exp_002-quantization_llama_cpp_gguf/results/raw/full-capability.jsonl,0d222dfe0ff801c93d39f8d24d367dd013c02a860f982bf711dab0b77107c092,0.5,0,1.0,1,0,calibrated.v1,32768,data/tasks/core.v002.jsonl,7631adc23aab29b0a1b06fae51267a940aa9f86d58dbe830724a3a2bc8703512,task.multihop.000010,multi_hop,q5_k_m,Q5_K_M
1.0,0.4989827473958333,1.0,1,1,48fbca2bc04f59297981aabd0dbbe5e51efa8df13595e7c694164e652c3879d6,19535701216,artifacts/q5_k_m.gguf,1,1,q5_k_m:ctx8192,task.multihop.000010:baseline:ctx008192:p050:seed1072,ec4d55c8ce490f4edfb0b37ad3cd665af700f7c3e0fbeb4d3c34d4d00d927cbb,1,1.0,0,1.0,1,1,exp_002,0,0.0,1,1,1.0,0,,20776665088.0,10.327556271005065,,98.94448831978772,83.28912645811215,83.96692475001328,83.28912645811215,1,Q5_K_M,/Users/shotomorisaki/Engineering/qwen-meetup-tokyo/experiments/exp_002-quantization_llama_cpp_gguf/results/raw/full-capability.jsonl,0d222dfe0ff801c93d39f8d24d367dd013c02a860f982bf711dab0b77107c092,0.5,0,1.0,1,0,calibrated.v1,8192,data/tasks/core.v002.jsonl,7631adc23aab29b0a1b06fae51267a940aa9f86d58dbe830724a3a2bc8703512,task.multihop.000010,multi_hop,q5_k_m,Q5_K_M
1.0,0.4997660319010417,1.0,1,1,1f6a8e5d44e8cea0927908fd701348906de3e705564611169cc324f4c8bf8722,22430999776,artifacts/q6_k.gguf,1,1,q6_k:ctx32768,task.multihop.000010:baseline:ctx032768:p050:seed1072,1effdf2f7bd5c18544a015548d7e1fa2d09783efde5b7e9b14e04841abbf178b,1,1.0,0,1.0,1,1,exp_002,0,0.0,1,1,1.0,0,,24287936512.0,8.531465623200061,,91.87900374991091,357.17627162486315,357.9967637078371,357.17627162486315,1,Q6_K,/Users/shotomorisaki/Engineering/qwen-meetup-tokyo/experiments/exp_002-quantization_llama_cpp_gguf/results/raw/full-capability.jsonl,0d222dfe0ff801c93d39f8d24d367dd013c02a860f982bf711dab0b77107c092,0.5,0,1.0,1,0,calibrated.v1,32768,data/tasks/core.v002.jsonl,7631adc23aab29b0a1b06fae51267a940aa9f86d58dbe830724a3a2bc8703512,task.multihop.000010,multi_hop,q6_k,Q6_K
1.0,0.4989827473958333,1.0,1,1,1f6a8e5d44e8cea0927908fd701348906de3e705564611169cc324f4c8bf8722,22430999776,artifacts/q6_k.gguf,1,1,q6_k:ctx8192,task.multihop.000010:baseline:ctx008192:p050:seed1072,ec4d55c8ce490f4edfb0b37ad3cd665af700f7c3e0fbeb4d3c34d4d00d927cbb,1,1.0,0,1.0,1,1,exp_002,0,0.0,1,1,1.0,0,,24253759488.0,9.828686569058863,,103.48432941630178,79.6352457080502,80.34744666703045,79.6352457080502,1,Q6_K,/Users/shotomorisaki/Engineering/qwen-meetup-tokyo/experiments/exp_002-quantization_llama_cpp_gguf/results/raw/full-capability.jsonl,0d222dfe0ff801c93d39f8d24d367dd013c02a860f982bf711dab0b77107c092,0.5,0,1.0,1,0,calibrated.v1,8192,data/tasks/core.v002.jsonl,7631adc23aab29b0a1b06fae51267a940aa9f86d58dbe830724a3a2bc8703512,task.multihop.000010,multi_hop,q6_k,Q6_K
1.0,0.4997660319010417,1.0,1,1,6cb70620c7811dce01e1a622fe0a4f9ac445e31c569640c36ecfac85c4609b6c,29047084256,artifacts/q8_0.gguf,1,1,q8_0:ctx32768,task.multihop.000010:baseline:ctx032768:p050:seed1072,1effdf2f7bd5c18544a015548d7e1fa2d09783efde5b7e9b14e04841abbf178b,1,1.0,0,1.0,1,1,exp_002,0,0.0,1,1,1.0,0,,30744838144.0,7.136754490670259,,97.93097535652119,335.10337133402936,336.0842093338724,335.10337133402936,1,Q8_0,/Users/shotomorisaki/Engineering/qwen-meetup-tokyo/experiments/exp_002-quantization_llama_cpp_gguf/results/raw/full-capability.jsonl,0d222dfe0ff801c93d39f8d24d367dd013c02a860f982bf711dab0b77107c092,0.5,0,1.0,1,0,calibrated.v1,32768,data/tasks/core.v002.jsonl,7631adc23aab29b0a1b06fae51267a940aa9f86d58dbe830724a3a2bc8703512,task.multihop.000010,multi_hop,q8_0,Q8_0
1.0,0.4989827473958333,1.0,1,1,6cb70620c7811dce01e1a622fe0a4f9ac445e31c569640c36ecfac85c4609b6c,29047084256,artifacts/q8_0.gguf,1,1,q8_0:ctx8192,task.multihop.000010:baseline:ctx008192:p050:seed1072,ec4d55c8ce490f4edfb0b37ad3cd665af700f7c3e0fbeb4d3c34d4d00d927cbb,1,1.0,0,1.0,1,1,exp_002,0,0.0,1,1,1.0,0,,30717362176.0,8.057269545207236,,112.17211782556731,73.4674548341427,74.33623549994081,73.4674548341427,1,Q8_0,/Users/shotomorisaki/Engineering/qwen-meetup-tokyo/experiments/exp_002-quantization_llama_cpp_gguf/results/raw/full-capability.jsonl,0d222dfe0ff801c93d39f8d24d367dd013c02a860f982bf711dab0b77107c092,0.5,0,1.0,1,0,calibrated.v1,8192,data/tasks/core.v002.jsonl,7631adc23aab29b0a1b06fae51267a940aa9f86d58dbe830724a3a2bc8703512,task.multihop.000010,multi_hop,q8_0,Q8_0
0.0,0.49981689453125,1.0,1,1,8b259e30f860c924fa1fd12d459343e8c2520eb12741f943ad5dcea5d1c4d120,16810714336,artifacts/q4_k_m.gguf,1,1,q4_k_m:ctx32768,task.semantic.000001:baseline:ctx032768:p050:seed1044,455fc4e84073472ef3496c4fdfbe9dfe18694d5120e7fe3d9b2b6290011dec07,0,0.0,0,0.0,0,1,exp_002,0,0.0,1,1,1.0,0,,16636411904.0,10.267285242283595,,95.1336598288932,344.8621661250945,345.44654650008306,344.8621661250945,1,Q4_K_M,/Users/shotomorisaki/Engineering/qwen-meetup-tokyo/experiments/exp_002-quantization_llama_cpp_gguf/results/raw/full-capability.jsonl,0d222dfe0ff801c93d39f8d24d367dd013c02a860f982bf711dab0b77107c092,0.5,0,0.0,1,0,calibrated.v1,32768,data/tasks/core.v002.jsonl,7631adc23aab29b0a1b06fae51267a940aa9f86d58dbe830724a3a2bc8703512,task.semantic.000001,semantic_retrieval,q4_k_m,Q4_K_M
0.0,0.499267578125,1.0,1,1,8b259e30f860c924fa1fd12d459343e8c2520eb12741f943ad5dcea5d1c4d120,16810714336,artifacts/q4_k_m.gguf,1,1,q4_k_m:ctx8192,task.semantic.000001:baseline:ctx008192:p050:seed1044,ce8fe935e6eced6d613062fc72d1613004e117a6c7286d839af96777b6e71d9f,0,0.0,0,0.0,0,1,exp_002,0,0.0,1,1,1.0,0,,16619290624.0,12.207524870085471,,107.33523490773017,76.69429341703653,77.18579354207031,76.69429341703653,1,Q4_K_M,/Users/shotomorisaki/Engineering/qwen-meetup-tokyo/experiments/exp_002-quantization_llama_cpp_gguf/results/raw/full-capability.jsonl,0d222dfe0ff801c93d39f8d24d367dd013c02a860f982bf711dab0b77107c092,0.5,0,0.0,1,0,calibrated.v1,8192,data/tasks/core.v002.jsonl,7631adc23aab29b0a1b06fae51267a940aa9f86d58dbe830724a3a2bc8703512,task.semantic.000001,semantic_retrieval,q4_k_m,Q4_K_M
0.0,0.49981689453125,1.0,1,1,48fbca2bc04f59297981aabd0dbbe5e51efa8df13595e7c694164e652c3879d6,19535701216,artifacts/q5_k_m.gguf,1,1,q5_k_m:ctx32768,task.semantic.000001:baseline:ctx032768:p050:seed1044,455fc4e84073472ef3496c4fdfbe9dfe18694d5120e7fe3d9b2b6290011dec07,0,0.0,0,0.0,0,1,exp_002,0,0.0,1,1,1.0,0,,20789428224.0,8.980600778134662,,88.40684731430298,371.10247675003484,371.7705835001543,371.10247675003484,1,Q5_K_M,/Users/shotomorisaki/Engineering/qwen-meetup-tokyo/experiments/exp_002-quantization_llama_cpp_gguf/results/raw/full-capability.jsonl,0d222dfe0ff801c93d39f8d24d367dd013c02a860f982bf711dab0b77107c092,0.5,0,0.0,1,0,calibrated.v1,32768,data/tasks/core.v002.jsonl,7631adc23aab29b0a1b06fae51267a940aa9f86d58dbe830724a3a2bc8703512,task.semantic.000001,semantic_retrieval,q5_k_m,Q5_K_M
0.0,0.499267578125,1.0,1,1,48fbca2bc04f59297981aabd0dbbe5e51efa8df13595e7c694164e652c3879d6,19535701216,artifacts/q5_k_m.gguf,1,1,q5_k_m:ctx8192,task.semantic.000001:baseline:ctx008192:p050:seed1044,ce8fe935e6eced6d613062fc72d1613004e117a6c7286d839af96777b6e71d9f,0,0.0,0,0.0,0,1,exp_002,0,0.0,1,1,1.0,0,,20743782400.0,10.284582259470797,,98.7620992080945,83.35181275010109,83.93521029106341,83.35181275010109,1,Q5_K_M,/Users/shotomorisaki/Engineering/qwen-meetup-tokyo/experiments/exp_002-quantization_llama_cpp_gguf/results/raw/full-capability.jsonl,0d222dfe0ff801c93d39f8d24d367dd013c02a860f982bf711dab0b77107c092,0.5,0,0.0,1,0,calibrated.v1,8192,data/tasks/core.v002.jsonl,7631adc23aab29b0a1b06fae51267a940aa9f86d58dbe830724a3a2bc8703512,task.semantic.000001,semantic_retrieval,q5_k_m,Q5_K_M
0.0,0.49981689453125,1.0,1,1,1f6a8e5d44e8cea0927908fd701348906de3e705564611169cc324f4c8bf8722,22430999776,artifacts/q6_k.gguf,1,1,q6_k:ctx32768,task.semantic.000001:baseline:ctx032768:p050:seed1044,455fc4e84073472ef3496c4fdfbe9dfe18694d5120e7fe3d9b2b6290011dec07,0,0.0,0,0.0,0,1,exp_002,0,0.0,1,1,1.0,0,,24269979648.0,8.504827160814129,,91.63646995799675,358.02339412504807,358.72887583402917,358.02339412504807,1,Q6_K,/Users/shotomorisaki/Engineering/qwen-meetup-tokyo/experiments/exp_002-quantization_llama_cpp_gguf/results/raw/full-capability.jsonl,0d222dfe0ff801c93d39f8d24d367dd013c02a860f982bf711dab0b77107c092,0.5,0,0.0,1,0,calibrated.v1,32768,data/tasks/core.v002.jsonl,7631adc23aab29b0a1b06fae51267a940aa9f86d58dbe830724a3a2bc8703512,task.semantic.000001,semantic_retrieval,q6_k,Q6_K
0.0,0.499267578125,1.0,1,1,1f6a8e5d44e8cea0927908fd701348906de3e705564611169cc324f4c8bf8722,22430999776,artifacts/q6_k.gguf,1,1,q6_k:ctx8192,task.semantic.000001:baseline:ctx008192:p050:seed1044,ce8fe935e6eced6d613062fc72d1613004e117a6c7286d839af96777b6e71d9f,0,0.0,0,0.0,0,1,exp_002,0,0.0,1,1,1.0,0,,24220844032.0,9.850293320881347,,103.66212844921074,79.41183654195629,80.02095545898192,79.41183654195629,1,Q6_K,/Users/shotomorisaki/Engineering/qwen-meetup-tokyo/experiments/exp_002-quantization_llama_cpp_gguf/results/raw/full-capability.jsonl,0d222dfe0ff801c93d39f8d24d367dd013c02a860f982bf711dab0b77107c092,0.5,0,0.0,1,0,calibrated.v1,8192,data/tasks/core.v002.jsonl,7631adc23aab29b0a1b06fae51267a940aa9f86d58dbe830724a3a2bc8703512,task.semantic.000001,semantic_retrieval,q6_k,Q6_K
0.0,0.49981689453125,1.0,1,1,6cb70620c7811dce01e1a622fe0a4f9ac445e31c569640c36ecfac85c4609b6c,29047084256,artifacts/q8_0.gguf,1,1,q8_0:ctx32768,task.semantic.000001:baseline:ctx032768:p050:seed1044,455fc4e84073472ef3496c4fdfbe9dfe18694d5120e7fe3d9b2b6290011dec07,0,0.0,0,0.0,0,1,exp_002,0,0.0,1,1,1.0,0,,30732926976.0,7.157610126940558,,98.71209407198018,332.36049045901746,333.19875908410177,332.36049045901746,1,Q8_0,/Users/shotomorisaki/Engineering/qwen-meetup-tokyo/experiments/exp_002-quantization_llama_cpp_gguf/results/raw/full-capability.jsonl,0d222dfe0ff801c93d39f8d24d367dd013c02a860f982bf711dab0b77107c092,0.5,0,0.0,1,0,calibrated.v1,32768,data/tasks/core.v002.jsonl,7631adc23aab29b0a1b06fae51267a940aa9f86d58dbe830724a3a2bc8703512,task.semantic.000001,semantic_retrieval,q8_0,Q8_0
0.0,0.499267578125,1.0,1,1,6cb70620c7811dce01e1a622fe0a4f9ac445e31c569640c36ecfac85c4609b6c,29047084256,artifacts/q8_0.gguf,1,1,q8_0:ctx8192,task.semantic.000001:baseline:ctx008192:p050:seed1044,ce8fe935e6eced6d613062fc72d1613004e117a6c7286d839af96777b6e71d9f,0,0.0,0,0.0,0,1,exp_002,0,0.0,1,1,1.0,0,,30681169920.0,8.074186518981374,,112.38554786070098,73.24785220785998,73.99096112488769,73.24785220785998,1,Q8_0,/Users/shotomorisaki/Engineering/qwen-meetup-tokyo/experiments/exp_002-quantization_llama_cpp_gguf/results/raw/full-capability.jsonl,0d222dfe0ff801c93d39f8d24d367dd013c02a860f982bf711dab0b77107c092,0.5,0,0.0,1,0,calibrated.v1,8192,data/tasks/core.v002.jsonl,7631adc23aab29b0a1b06fae51267a940aa9f86d58dbe830724a3a2bc8703512,task.semantic.000001,semantic_retrieval,q8_0,Q8_0
0.0,0.499755859375,1.0,1,1,8b259e30f860c924fa1fd12d459343e8c2520eb12741f943ad5dcea5d1c4d120,16810714336,artifacts/q4_k_m.gguf,1,1,q4_k_m:ctx32768,task.semantic.000002:baseline:ctx032768:p050:seed1055,455c1193040121c1a9ca57f2bb396d6a3392be15becf87a0ca8fb909beaf643e,0,0.0,0,0.0,0,1,exp_002,0,0.0,1,1,1.0,0,,16636411904.0,10.2763847899424,,95.17770983324391,344.69205087493174,345.27591379196383,344.69205087493174,1,Q4_K_M,/Users/shotomorisaki/Engineering/qwen-meetup-tokyo/experiments/exp_002-quantization_llama_cpp_gguf/results/raw/full-capability.jsonl,0d222dfe0ff801c93d39f8d24d367dd013c02a860f982bf711dab0b77107c092,0.5,0,0.0,1,0,calibrated.v1,32768,data/tasks/core.v002.jsonl,7631adc23aab29b0a1b06fae51267a940aa9f86d58dbe830724a3a2bc8703512,task.semantic.000002,semantic_retrieval,q4_k_m,Q4_K_M
0.0,0.4990234375,1.0,1,1,8b259e30f860c924fa1fd12d459343e8c2520eb12741f943ad5dcea5d1c4d120,16810714336,artifacts/q4_k_m.gguf,1,1,q4_k_m:ctx8192,task.semantic.000002:baseline:ctx008192:p050:seed1055,242adbfd4f66cb6c97187c977b7b2acc7036dad2cfdf06ed4d5cfe744a1b14a1,0,0.0,0,0.0,0,1,exp_002,0,0.0,1,1,1.0,0,,16619552768.0,12.197758178585413,,107.22010687162503,76.76731762499548,77.2592112920247,76.76731762499548,1,Q4_K_M,/Users/shotomorisaki/Engineering/qwen-meetup-tokyo/experiments/exp_002-quantization_llama_cpp_gguf/results/raw/full-capability.jsonl,0d222dfe0ff801c93d39f8d24d367dd013c02a860f982bf711dab0b77107c092,0.5,0,0.0,1,0,calibrated.v1,8192,data/tasks/core.v002.jsonl,7631adc23aab29b0a1b06fae51267a940aa9f86d58dbe830724a3a2bc8703512,task.semantic.000002,semantic_retrieval,q4_k_m,Q4_K_M
0.0,0.499755859375,1.0,1,1,48fbca2bc04f59297981aabd0dbbe5e51efa8df13595e7c694164e652c3879d6,19535701216,artifacts/q5_k_m.gguf,1,1,q5_k_m:ctx32768,task.semantic.000002:baseline:ctx032768:p050:seed1055,455c1193040121c1a9ca57f2bb396d6a3392be15becf87a0ca8fb909beaf643e,0,0.0,0,0.0,0,1,exp_002,0,0.0,1,1,1.0,0,,20789460992.0,9.098158903834369,,88.36640961921837,371.2609818750061,371.9204559579957,371.2609818750061,1,Q5_K_M,/Users/shotomorisaki/Engineering/qwen-meetup-tokyo/experiments/exp_002-quantization_llama_cpp_gguf/results/raw/full-capability.jsonl,0d222dfe0ff801c93d39f8d24d367dd013c02a860f982bf711dab0b77107c092,0.5,0,0.0,1,0,calibrated.v1,32768,data/tasks/core.v002.jsonl,7631adc23aab29b0a1b06fae51267a940aa9f86d58dbe830724a3a2bc8703512,task.semantic.000002,semantic_retrieval,q5_k_m,Q5_K_M
0.0,0.4990234375,1.0,1,1,48fbca2bc04f59297981aabd0dbbe5e51efa8df13595e7c694164e652c3879d6,19535701216,artifacts/q5_k_m.gguf,1,1,q5_k_m:ctx8192,task.semantic.000002:baseline:ctx008192:p050:seed1055,242adbfd4f66cb6c97187c977b7b2acc7036dad2cfdf06ed4d5cfe744a1b14a1,0,0.0,0,0.0,0,1,exp_002,0,0.0,1,1,1.0,0,,20746780672.0,10.265723253033816,,98.69526758810524,83.39812233299017,83.98259162483737,83.39812233299017,1,Q5_K_M,/Users/shotomorisaki/Engineering/qwen-meetup-tokyo/experiments/exp_002-quantization_llama_cpp_gguf/results/raw/full-capability.jsonl,0d222dfe0ff801c93d39f8d24d367dd013c02a860f982bf711dab0b77107c092,0.5,0,0.0,1,0,calibrated.v1,8192,data/tasks/core.v002.jsonl,7631adc23aab29b0a1b06fae51267a940aa9f86d58dbe830724a3a2bc8703512,task.semantic.000002,semantic_retrieval,q5_k_m,Q5_K_M
0.0,0.499755859375,1.0,1,1,1f6a8e5d44e8cea0927908fd701348906de3e705564611169cc324f4c8bf8722,22430999776,artifacts/q6_k.gguf,1,1,q6_k:ctx32768,task.semantic.000002:baseline:ctx032768:p050:seed1055,455c1193040121c1a9ca57f2bb396d6a3392be15becf87a0ca8fb909beaf643e,0,0.0,0,0.0,0,1,exp_002,0,0.0,1,1,1.0,0,,24269979648.0,8.514067569252937,,91.66704391125184,357.89307258301415,358.59778862516396,357.89307258301415,1,Q6_K,/Users/shotomorisaki/Engineering/qwen-meetup-tokyo/experiments/exp_002-quantization_llama_cpp_gguf/results/raw/full-capability.jsonl,0d222dfe0ff801c93d39f8d24d367dd013c02a860f982bf711dab0b77107c092,0.5,0,0.0,1,0,calibrated.v1,32768,data/tasks/core.v002.jsonl,7631adc23aab29b0a1b06fae51267a940aa9f86d58dbe830724a3a2bc8703512,task.semantic.000002,semantic_retrieval,q6_k,Q6_K
0.0,0.4990234375,1.0,1,1,1f6a8e5d44e8cea0927908fd701348906de3e705564611169cc324f4c8bf8722,22430999776,artifacts/q6_k.gguf,1,1,q6_k:ctx8192,task.semantic.000002:baseline:ctx008192:p050:seed1055,242adbfd4f66cb6c97187c977b7b2acc7036dad2cfdf06ed4d5cfe744a1b14a1,0,0.0,0,0.0,0,1,exp_002,0,0.0,1,1,1.0,0,,24223825920.0,9.852430444741819,,103.48782803958608,79.53592374990694,80.1449105408974,79.53592374990694,1,Q6_K,/Users/shotomorisaki/Engineering/qwen-meetup-tokyo/experiments/exp_002-quantization_llama_cpp_gguf/results/raw/full-capability.jsonl,0d222dfe0ff801c93d39f8d24d367dd013c02a860f982bf711dab0b77107c092,0.5,0,0.0,1,0,calibrated.v1,8192,data/tasks/core.v002.jsonl,7631adc23aab29b0a1b06fae51267a940aa9f86d58dbe830724a3a2bc8703512,task.semantic.000002,semantic_retrieval,q6_k,Q6_K
0.0,0.499755859375,1.0,1,1,6cb70620c7811dce01e1a622fe0a4f9ac445e31c569640c36ecfac85c4609b6c,29047084256,artifacts/q8_0.gguf,1,1,q8_0:ctx32768,task.semantic.000002:baseline:ctx032768:p050:seed1055,455c1193040121c1a9ca57f2bb396d6a3392be15becf87a0ca8fb909beaf643e,0,0.0,0,0.0,0,1,exp_002,0,0.0,1,1,1.0,0,,30732943360.0,7.154439098822654,,98.69055548810975,332.42289333301596,333.2615334999282,332.42289333301596,1,Q8_0,/Users/shotomorisaki/Engineering/qwen-meetup-tokyo/experiments/exp_002-quantization_llama_cpp_gguf/results/raw/full-capability.jsonl,0d222dfe0ff801c93d39f8d24d367dd013c02a860f982bf711dab0b77107c092,0.5,0,0.0,1,0,calibrated.v1,32768,data/tasks/core.v002.jsonl,7631adc23aab29b0a1b06fae51267a940aa9f86d58dbe830724a3a2bc8703512,task.semantic.000002,semantic_retrieval,q8_0,Q8_0
0.0,0.4990234375,1.0,1,1,6cb70620c7811dce01e1a622fe0a4f9ac445e31c569640c36ecfac85c4609b6c,29047084256,artifacts/q8_0.gguf,1,1,q8_0:ctx8192,task.semantic.000002:baseline:ctx008192:p050:seed1055,242adbfd4f66cb6c97187c977b7b2acc7036dad2cfdf06ed4d5cfe744a1b14a1,0,0.0,0,0.0,0,1,exp_002,0,0.0,1,1,1.0,0,,30681169920.0,8.0580632675822,,112.33336308676824,73.27297762501985,74.01757341693155,73.27297762501985,1,Q8_0,/Users/shotomorisaki/Engineering/qwen-meetup-tokyo/experiments/exp_002-quantization_llama_cpp_gguf/results/raw/full-capability.jsonl,0d222dfe0ff801c93d39f8d24d367dd013c02a860f982bf711dab0b77107c092,0.5,0,0.0,1,0,calibrated.v1,8192,data/tasks/core.v002.jsonl,7631adc23aab29b0a1b06fae51267a940aa9f86d58dbe830724a3a2bc8703512,task.semantic.000002,semantic_retrieval,q8_0,Q8_0
0.0,0.49981689453125,1.0,1,1,8b259e30f860c924fa1fd12d459343e8c2520eb12741f943ad5dcea5d1c4d120,16810714336,artifacts/q4_k_m.gguf,1,1,q4_k_m:ctx32768,task.semantic.000003:baseline:ctx032768:p050:seed1056,27e0f3126fce553c91cf11df5e4d629746c71962ec1f9de1828afec72a5aefb1,0,0.0,0,0.0,0,1,exp_002,0,0.0,1,0,0.0,0,,16636461056.0,10.398834431139742,,95.19842373622521,344.6590680000372,350.81360391690396,344.6590680000372,1,Q4_K_M,/Users/shotomorisaki/Engineering/qwen-meetup-tokyo/experiments/exp_002-quantization_llama_cpp_gguf/results/raw/full-capability.jsonl,0d222dfe0ff801c93d39f8d24d367dd013c02a860f982bf711dab0b77107c092,0.5,0,0.0,1,0,calibrated.v1,32768,data/tasks/core.v002.jsonl,7631adc23aab29b0a1b06fae51267a940aa9f86d58dbe830724a3a2bc8703512,task.semantic.000003,semantic_retrieval,q4_k_m,Q4_K_M
0.0,0.499267578125,1.0,1,1,8b259e30f860c924fa1fd12d459343e8c2520eb12741f943ad5dcea5d1c4d120,16810714336,artifacts/q4_k_m.gguf,1,1,q4_k_m:ctx8192,task.semantic.000003:baseline:ctx008192:p050:seed1056,cf2e50c5b26687b0e8349cdffaae7c80cb81fb679e4c703893b5dc93954eb227,0,0.0,0,0.0,0,1,exp_002,0,0.0,1,0,0.0,0,,16620175360.0,12.3554469013341,,107.36700538212064,76.69954070798121,81.87944237492047,76.69954070798121,1,Q4_K_M,/Users/shotomorisaki/Engineering/qwen-meetup-tokyo/experiments/exp_002-quantization_llama_cpp_gguf/results/raw/full-capability.jsonl,0d222dfe0ff801c93d39f8d24d367dd013c02a860f982bf711dab0b77107c092,0.5,0,0.0,1,0,calibrated.v1,8192,data/tasks/core.v002.jsonl,7631adc23aab29b0a1b06fae51267a940aa9f86d58dbe830724a3a2bc8703512,task.semantic.000003,semantic_retrieval,q4_k_m,Q4_K_M
0.0,0.49981689453125,1.0,1,1,48fbca2bc04f59297981aabd0dbbe5e51efa8df13595e7c694164e652c3879d6,19535701216,artifacts/q5_k_m.gguf,1,1,q5_k_m:ctx32768,task.semantic.000003:baseline:ctx032768:p050:seed1056,27e0f3126fce553c91cf11df5e4d629746c71962ec1f9de1828afec72a5aefb1,0,0.0,0,0.0,0,1,exp_002,0,0.0,1,0,0.0,0,,20789460992.0,8.7395411556701,,88.3903638327262,371.2056221659295,378.5286610829644,371.2056221659295,1,Q5_K_M,/Users/shotomorisaki/Engineering/qwen-meetup-tokyo/experiments/exp_002-quantization_llama_cpp_gguf/results/raw/full-capability.jsonl,0d222dfe0ff801c93d39f8d24d367dd013c02a860f982bf711dab0b77107c092,0.5,0,0.0,1,0,calibrated.v1,32768,data/tasks/core.v002.jsonl,7631adc23aab29b0a1b06fae51267a940aa9f86d58dbe830724a3a2bc8703512,task.semantic.000003,semantic_retrieval,q5_k_m,Q5_K_M
0.0,0.499267578125,1.0,1,1,48fbca2bc04f59297981aabd0dbbe5e51efa8df13595e7c694164e652c3879d6,19535701216,artifacts/q5_k_m.gguf,1,1,q5_k_m:ctx8192,task.semantic.000003:baseline:ctx008192:p050:seed1056,cf2e50c5b26687b0e8349cdffaae7c80cb81fb679e4c703893b5dc93954eb227,0,0.0,0,0.0,0,1,exp_002,0,0.0,1,0,0.0,0,,20749778944.0,9.950178885426897,,98.73991176132049,83.40092525002547,89.83297041594051,83.40092525002547,1,Q5_K_M,/Users/shotomorisaki/Engineering/qwen-meetup-tokyo/experiments/exp_002-quantization_llama_cpp_gguf/results/raw/full-capability.jsonl,0d222dfe0ff801c93d39f8d24d367dd013c02a860f982bf711dab0b77107c092,0.5,0,0.0,1,0,calibrated.v1,8192,data/tasks/core.v002.jsonl,7631adc23aab29b0a1b06fae51267a940aa9f86d58dbe830724a3a2bc8703512,task.semantic.000003,semantic_retrieval,q5_k_m,Q5_K_M
0.0,0.49981689453125,1.0,1,1,1f6a8e5d44e8cea0927908fd701348906de3e705564611169cc324f4c8bf8722,22430999776,artifacts/q6_k.gguf,1,1,q6_k:ctx32768,task.semantic.000003:baseline:ctx032768:p050:seed1056,27e0f3126fce553c91cf11df5e4d629746c71962ec1f9de1828afec72a5aefb1,0,0.0,0,0.0,0,1,exp_002,0,0.0,1,0,0.0,0,,24269979648.0,8.645697720145906,,91.60648111123798,358.1733475839719,365.57587333396077,358.1733475839719,1,Q6_K,/Users/shotomorisaki/Engineering/qwen-meetup-tokyo/experiments/exp_002-quantization_llama_cpp_gguf/results/raw/full-capability.jsonl,0d222dfe0ff801c93d39f8d24d367dd013c02a860f982bf711dab0b77107c092,0.5,0,0.0,1,0,calibrated.v1,32768,data/tasks/core.v002.jsonl,7631adc23aab29b0a1b06fae51267a940aa9f86d58dbe830724a3a2bc8703512,task.semantic.000003,semantic_retrieval,q6_k,Q6_K
0.0,0.499267578125,1.0,1,1,1f6a8e5d44e8cea0927908fd701348906de3e705564611169cc324f4c8bf8722,22430999776,artifacts/q6_k.gguf,1,1,q6_k:ctx8192,task.semantic.000003:baseline:ctx008192:p050:seed1056,cf2e50c5b26687b0e8349cdffaae7c80cb81fb679e4c703893b5dc93954eb227,0,0.0,0,0.0,0,1,exp_002,0,0.0,1,0,0.0,0,,24226824192.0,9.942476623947318,,103.62059464599042,79.47261862503365,85.90964658302255,79.47261862503365,1,Q6_K,/Users/shotomorisaki/Engineering/qwen-meetup-tokyo/experiments/exp_002-quantization_llama_cpp_gguf/results/raw/full-capability.jsonl,0d222dfe0ff801c93d39f8d24d367dd013c02a860f982bf711dab0b77107c092,0.5,0,0.0,1,0,calibrated.v1,8192,data/tasks/core.v002.jsonl,7631adc23aab29b0a1b06fae51267a940aa9f86d58dbe830724a3a2bc8703512,task.semantic.000003,semantic_retrieval,q6_k,Q6_K
0.0,0.49981689453125,1.0,1,1,6cb70620c7811dce01e1a622fe0a4f9ac445e31c569640c36ecfac85c4609b6c,29047084256,artifacts/q8_0.gguf,1,1,q8_0:ctx32768,task.semantic.000003:baseline:ctx032768:p050:seed1056,27e0f3126fce553c91cf11df5e4d629746c71962ec1f9de1828afec72a5aefb1,0,0.0,0,0.0,0,1,exp_002,0,0.0,1,0,0.0,0,,30732959744.0,7.263399238264985,,98.55984399359127,332.9043418751098,341.7156432920601,332.9043418751098,1,Q8_0,/Users/shotomorisaki/Engineering/qwen-meetup-tokyo/experiments/exp_002-quantization_llama_cpp_gguf/results/raw/full-capability.jsonl,0d222dfe0ff801c93d39f8d24d367dd013c02a860f982bf711dab0b77107c092,0.5,0,0.0,1,0,calibrated.v1,32768,data/tasks/core.v002.jsonl,7631adc23aab29b0a1b06fae51267a940aa9f86d58dbe830724a3a2bc8703512,task.semantic.000003,semantic_retrieval,q8_0,Q8_0
0.0,0.499267578125,1.0,1,1,6cb70620c7811dce01e1a622fe0a4f9ac445e31c569640c36ecfac85c4609b6c,29047084256,artifacts/q8_0.gguf,1,1,q8_0:ctx8192,task.semantic.000003:baseline:ctx008192:p050:seed1056,cf2e50c5b26687b0e8349cdffaae7c80cb81fb679e4c703893b5dc93954eb227,0,0.0,0,0.0,0,1,exp_002,0,0.0,1,0,0.0,0,,30681186304.0,8.222802046884794,,112.389112990545,73.27222166699357,81.05545658315532,73.27222166699357,1,Q8_0,/Users/shotomorisaki/Engineering/qwen-meetup-tokyo/experiments/exp_002-quantization_llama_cpp_gguf/results/raw/full-capability.jsonl,0d222dfe0ff801c93d39f8d24d367dd013c02a860f982bf711dab0b77107c092,0.5,0,0.0,1,0,calibrated.v1,8192,data/tasks/core.v002.jsonl,7631adc23aab29b0a1b06fae51267a940aa9f86d58dbe830724a3a2bc8703512,task.semantic.000003,semantic_retrieval,q8_0,Q8_0
0.0,0.499847412109375,1.0,1,1,8b259e30f860c924fa1fd12d459343e8c2520eb12741f943ad5dcea5d1c4d120,16810714336,artifacts/q4_k_m.gguf,1,1,q4_k_m:ctx32768,task.semantic.000004:baseline:ctx032768:p050:seed1057,893eaa9d06fee6e502c862b1a2bca1e618c1e767e61ca0741c132c39a98a9568,0,0.0,0,0.0,0,1,exp_002,0,0.0,1,1,1.0,0,,16636461056.0,10.212190166545273,,95.28357640111946,344.33006441616453,344.72175316605717,344.33006441616453,1,Q4_K_M,/Users/shotomorisaki/Engineering/qwen-meetup-tokyo/experiments/exp_002-quantization_llama_cpp_gguf/results/raw/full-capability.jsonl,0d222dfe0ff801c93d39f8d24d367dd013c02a860f982bf711dab0b77107c092,0.5,0,0.0,1,0,calibrated.v1,32768,data/tasks/core.v002.jsonl,7631adc23aab29b0a1b06fae51267a940aa9f86d58dbe830724a3a2bc8703512,task.semantic.000004,semantic_retrieval,q4_k_m,Q4_K_M
0.0,0.4993896484375,1.0,1,1,8b259e30f860c924fa1fd12d459343e8c2520eb12741f943ad5dcea5d1c4d120,16810714336,artifacts/q4_k_m.gguf,1,1,q4_k_m:ctx8192,task.semantic.000004:baseline:ctx008192:p050:seed1057,a1558bfa97785bc75ba9554d601ff2a1f6a986b0e745c95795249b34a5b82ae1,0,0.0,0,0.0,0,1,exp_002,0,0.0,1,1,1.0,0,,16620421120.0,12.13277348514284,,107.54823029443085,76.55170129216276,76.88138683396392,76.55170129216276,1,Q4_K_M,/Users/shotomorisaki/Engineering/qwen-meetup-tokyo/experiments/exp_002-quantization_llama_cpp_gguf/results/raw/full-capability.jsonl,0d222dfe0ff801c93d39f8d24d367dd013c02a860f982bf711dab0b77107c092,0.5,0,0.0,1,0,calibrated.v1,8192,data/tasks/core.v002.jsonl,7631adc23aab29b0a1b06fae51267a940aa9f86d58dbe830724a3a2bc8703512,task.semantic.000004,semantic_retrieval,q4_k_m,Q4_K_M
0.0,0.499847412109375,1.0,1,1,48fbca2bc04f59297981aabd0dbbe5e51efa8df13595e7c694164e652c3879d6,19535701216,artifacts/q5_k_m.gguf,1,1,q5_k_m:ctx32768,task.semantic.000004:baseline:ctx032768:p050:seed1057,893eaa9d06fee6e502c862b1a2bca1e618c1e767e61ca0741c132c39a98a9568,0,0.0,0,0.0,0,1,exp_002,0,0.0,1,1,1.0,0,,20792410112.0,8.899687987669415,,88.5352535844898,370.575546707958,371.02500066696666,370.575546707958,1,Q5_K_M,/Users/shotomorisaki/Engineering/qwen-meetup-tokyo/experiments/exp_002-quantization_llama_cpp_gguf/results/raw/full-capability.jsonl,0d222dfe0ff801c93d39f8d24d367dd013c02a860f982bf711dab0b77107c092,0.5,0,0.0,1,0,calibrated.v1,32768,data/tasks/core.v002.jsonl,7631adc23aab29b0a1b06fae51267a940aa9f86d58dbe830724a3a2bc8703512,task.semantic.000004,semantic_retrieval,q5_k_m,Q5_K_M
0.0,0.4993896484375,1.0,1,1,48fbca2bc04f59297981aabd0dbbe5e51efa8df13595e7c694164e652c3879d6,19535701216,artifacts/q5_k_m.gguf,1,1,q5_k_m:ctx8192,task.semantic.000004:baseline:ctx008192:p050:seed1057,a1558bfa97785bc75ba9554d601ff2a1f6a986b0e745c95795249b34a5b82ae1,0,0.0,0,0.0,0,1,exp_002,0,0.0,1,1,1.0,0,,20752760832.0,10.352781834722192,,98.96409115196046,83.19179112510756,83.57816070807166,83.19179112510756,1,Q5_K_M,/Users/shotomorisaki/Engineering/qwen-meetup-tokyo/experiments/exp_002-quantization_llama_cpp_gguf/results/raw/full-capability.jsonl,0d222dfe0ff801c93d39f8d24d367dd013c02a860f982bf711dab0b77107c092,0.5,0,0.0,1,0,calibrated.v1,8192,data/tasks/core.v002.jsonl,7631adc23aab29b0a1b06fae51267a940aa9f86d58dbe830724a3a2bc8703512,task.semantic.000004,semantic_retrieval,q5_k_m,Q5_K_M
0.0,0.499847412109375,1.0,1,1,1f6a8e5d44e8cea0927908fd701348906de3e705564611169cc324f4c8bf8722,22430999776,artifacts/q6_k.gguf,1,1,q6_k:ctx32768,task.semantic.000004:baseline:ctx032768:p050:seed1057,893eaa9d06fee6e502c862b1a2bca1e618c1e767e61ca0741c132c39a98a9568,0,0.0,0,0.0,0,1,exp_002,0,0.0,1,1,1.0,0,,24269979648.0,8.49859786190736,,91.81672195684176,357.331423958065,357.8020898331888,357.331423958065,1,Q6_K,/Users/shotomorisaki/Engineering/qwen-meetup-tokyo/experiments/exp_002-quantization_llama_cpp_gguf/results/raw/full-capability.jsonl,0d222dfe0ff801c93d39f8d24d367dd013c02a860f982bf711dab0b77107c092,0.5,0,0.0,1,0,calibrated.v1,32768,data/tasks/core.v002.jsonl,7631adc23aab29b0a1b06fae51267a940aa9f86d58dbe830724a3a2bc8703512,task.semantic.000004,semantic_retrieval,q6_k,Q6_K
0.0,0.4993896484375,1.0,1,1,1f6a8e5d44e8cea0927908fd701348906de3e705564611169cc324f4c8bf8722,22430999776,artifacts/q6_k.gguf,1,1,q6_k:ctx8192,task.semantic.000004:baseline:ctx008192:p050:seed1057,a1558bfa97785bc75ba9554d601ff2a1f6a986b0e745c95795249b34a5b82ae1,0,0.0,0,0.0,0,1,exp_002,0,0.0,1,1,1.0,0,,24229806080.0,9.818543085959403,,103.86491175870312,79.26642270805314,79.67381512513384,79.26642270805314,1,Q6_K,/Users/shotomorisaki/Engineering/qwen-meetup-tokyo/experiments/exp_002-quantization_llama_cpp_gguf/results/raw/full-capability.jsonl,0d222dfe0ff801c93d39f8d24d367dd013c02a860f982bf711dab0b77107c092,0.5,0,0.0,1,0,calibrated.v1,8192,data/tasks/core.v002.jsonl,7631adc23aab29b0a1b06fae51267a940aa9f86d58dbe830724a3a2bc8703512,task.semantic.000004,semantic_retrieval,q6_k,Q6_K
0.0,0.499847412109375,1.0,1,1,6cb70620c7811dce01e1a622fe0a4f9ac445e31c569640c36ecfac85c4609b6c,29047084256,artifacts/q8_0.gguf,1,1,q8_0:ctx32768,task.semantic.000004:baseline:ctx032768:p050:seed1057,893eaa9d06fee6e502c862b1a2bca1e618c1e767e61ca0741c132c39a98a9568,0,0.0,0,0.0,0,1,exp_002,0,0.0,1,1,1.0,0,,30732959744.0,7.115826531984141,,98.76560409583163,332.1905465000309,332.7526737500448,332.1905465000309,1,Q8_0,/Users/shotomorisaki/Engineering/qwen-meetup-tokyo/experiments/exp_002-quantization_llama_cpp_gguf/results/raw/full-capability.jsonl,0d222dfe0ff801c93d39f8d24d367dd013c02a860f982bf711dab0b77107c092,0.5,0,0.0,1,0,calibrated.v1,32768,data/tasks/core.v002.jsonl,7631adc23aab29b0a1b06fae51267a940aa9f86d58dbe830724a3a2bc8703512,task.semantic.000004,semantic_retrieval,q8_0,Q8_0
0.0,0.4993896484375,1.0,1,1,6cb70620c7811dce01e1a622fe0a4f9ac445e31c569640c36ecfac85c4609b6c,29047084256,artifacts/q8_0.gguf,1,1,q8_0:ctx8192,task.semantic.000004:baseline:ctx008192:p050:seed1057,a1558bfa97785bc75ba9554d601ff2a1f6a986b0e745c95795249b34a5b82ae1,0,0.0,0,0.0,0,1,exp_002,0,0.0,1,1,1.0,0,,30681202688.0,8.06421872601861,,112.97490190276137,72.87459304090589,73.37061133305542,72.87459304090589,1,Q8_0,/Users/shotomorisaki/Engineering/qwen-meetup-tokyo/experiments/exp_002-quantization_llama_cpp_gguf/results/raw/full-capability.jsonl,0d222dfe0ff801c93d39f8d24d367dd013c02a860f982bf711dab0b77107c092,0.5,0,0.0,1,0,calibrated.v1,8192,data/tasks/core.v002.jsonl,7631adc23aab29b0a1b06fae51267a940aa9f86d58dbe830724a3a2bc8703512,task.semantic.000004,semantic_retrieval,q8_0,Q8_0
0.0,0.49981689453125,1.0,1,1,8b259e30f860c924fa1fd12d459343e8c2520eb12741f943ad5dcea5d1c4d120,16810714336,artifacts/q4_k_m.gguf,1,1,q4_k_m:ctx32768,task.semantic.000005:baseline:ctx032768:p050:seed1058,ab035ea3a5135430e48111eede34f3def137f36502d8a0b62af56c68efd921f3,0,0.0,0,0.0,0,1,exp_002,0,0.0,1,0,0.0,0,,16636526592.0,10.40627006441336,,95.1259975505391,344.90045670815744,351.0505950001534,344.90045670815744,1,Q4_K_M,/Users/shotomorisaki/Engineering/qwen-meetup-tokyo/experiments/exp_002-quantization_llama_cpp_gguf/results/raw/full-capability.jsonl,0d222dfe0ff801c93d39f8d24d367dd013c02a860f982bf711dab0b77107c092,0.5,0,0.0,1,0,calibrated.v1,32768,data/tasks/core.v002.jsonl,7631adc23aab29b0a1b06fae51267a940aa9f86d58dbe830724a3a2bc8703512,task.semantic.000005,semantic_retrieval,q4_k_m,Q4_K_M
0.0,0.499267578125,1.0,1,1,8b259e30f860c924fa1fd12d459343e8c2520eb12741f943ad5dcea5d1c4d120,16810714336,artifacts/q4_k_m.gguf,1,1,q4_k_m:ctx8192,task.semantic.000005:baseline:ctx008192:p050:seed1058,cce2bf1e2d86f62a11e90cdac85a8fc53959319f0c90c243603a83e1fa667b78,0,0.0,0,0.0,0,1,exp_002,0,0.0,1,0,0.0,0,,16620748800.0,12.365460211354518,,107.37285473067352,76.67673566704616,81.85244275000878,76.67673566704616,1,Q4_K_M,/Users/shotomorisaki/Engineering/qwen-meetup-tokyo/experiments/exp_002-quantization_llama_cpp_gguf/results/raw/full-capability.jsonl,0d222dfe0ff801c93d39f8d24d367dd013c02a860f982bf711dab0b77107c092,0.5,0,0.0,1,0,calibrated.v1,8192,data/tasks/core.v002.jsonl,7631adc23aab29b0a1b06fae51267a940aa9f86d58dbe830724a3a2bc8703512,task.semantic.000005,semantic_retrieval,q4_k_m,Q4_K_M
0.0,0.49981689453125,1.0,1,1,48fbca2bc04f59297981aabd0dbbe5e51efa8df13595e7c694164e652c3879d6,19535701216,artifacts/q5_k_m.gguf,1,1,q5_k_m:ctx32768,task.semantic.000005:baseline:ctx032768:p050:seed1058,ab035ea3a5135430e48111eede34f3def137f36502d8a0b62af56c68efd921f3,0,0.0,0,0.0,0,1,exp_002,0,0.0,1,0,0.0,0,,20795392000.0,8.740277068295642,,88.39267383175007,371.17329500010237,378.49571733293124,371.17329500010237,1,Q5_K_M,/Users/shotomorisaki/Engineering/qwen-meetup-tokyo/experiments/exp_002-quantization_llama_cpp_gguf/results/raw/full-capability.jsonl,0d222dfe0ff801c93d39f8d24d367dd013c02a860f982bf711dab0b77107c092,0.5,0,0.0,1,0,calibrated.v1,32768,data/tasks/core.v002.jsonl,7631adc23aab29b0a1b06fae51267a940aa9f86d58dbe830724a3a2bc8703512,task.semantic.000005,semantic_retrieval,q5_k_m,Q5_K_M
1.0,0.499267578125,1.0,1,1,48fbca2bc04f59297981aabd0dbbe5e51efa8df13595e7c694164e652c3879d6,19535701216,artifacts/q5_k_m.gguf,1,1,q5_k_m:ctx8192,task.semantic.000005:baseline:ctx008192:p050:seed1058,cce2bf1e2d86f62a11e90cdac85a8fc53959319f0c90c243603a83e1fa667b78,1,1.0,0,1.0,1,1,exp_002,0,0.0,1,1,1.0,0,,20755742720.0,10.351961298274949,,98.65311802559627,83.45402724994346,83.84042745805345,83.45402724994346,1,Q5_K_M,/Users/shotomorisaki/Engineering/qwen-meetup-tokyo/experiments/exp_002-quantization_llama_cpp_gguf/results/raw/full-capability.jsonl,0d222dfe0ff801c93d39f8d24d367dd013c02a860f982bf711dab0b77107c092,0.5,0,1.0,1,0,calibrated.v1,8192,data/tasks/core.v002.jsonl,7631adc23aab29b0a1b06fae51267a940aa9f86d58dbe830724a3a2bc8703512,task.semantic.000005,semantic_retrieval,q5_k_m,Q5_K_M
0.0,0.49981689453125,1.0,1,1,1f6a8e5d44e8cea0927908fd701348906de3e705564611169cc324f4c8bf8722,22430999776,artifacts/q6_k.gguf,1,1,q6_k:ctx32768,task.semantic.000005:baseline:ctx032768:p050:seed1058,ab035ea3a5135430e48111eede34f3def137f36502d8a0b62af56c68efd921f3,0,0.0,0,0.0,0,1,exp_002,0,0.0,1,0,0.0,0,,24272945152.0,8.582405908677972,,91.72085333482185,357.70491450000554,365.1620309171267,357.70491450000554,1,Q6_K,/Users/shotomorisaki/Engineering/qwen-meetup-tokyo/experiments/exp_002-quantization_llama_cpp_gguf/results/raw/full-capability.jsonl,0d222dfe0ff801c93d39f8d24d367dd013c02a860f982bf711dab0b77107c092,0.5,0,0.0,1,0,calibrated.v1,32768,data/tasks/core.v002.jsonl,7631adc23aab29b0a1b06fae51267a940aa9f86d58dbe830724a3a2bc8703512,task.semantic.000005,semantic_retrieval,q6_k,Q6_K
1.0,0.499267578125,1.0,1,1,1f6a8e5d44e8cea0927908fd701348906de3e705564611169cc324f4c8bf8722,22430999776,artifacts/q6_k.gguf,1,1,q6_k:ctx8192,task.semantic.000005:baseline:ctx008192:p050:seed1058,cce2bf1e2d86f62a11e90cdac85a8fc53959319f0c90c243603a83e1fa667b78,1,1.0,0,1.0,1,1,exp_002,0,0.0,1,1,1.0,0,,24232787968.0,9.915096803197876,,103.4419869367027,79.59050520788878,79.99393041688018,79.59050520788878,1,Q6_K,/Users/shotomorisaki/Engineering/qwen-meetup-tokyo/experiments/exp_002-quantization_llama_cpp_gguf/results/raw/full-capability.jsonl,0d222dfe0ff801c93d39f8d24d367dd013c02a860f982bf711dab0b77107c092,0.5,0,1.0,1,0,calibrated.v1,8192,data/tasks/core.v002.jsonl,7631adc23aab29b0a1b06fae51267a940aa9f86d58dbe830724a3a2bc8703512,task.semantic.000005,semantic_retrieval,q6_k,Q6_K
0.0,0.49981689453125,1.0,1,1,6cb70620c7811dce01e1a622fe0a4f9ac445e31c569640c36ecfac85c4609b6c,29047084256,artifacts/q8_0.gguf,1,1,q8_0:ctx32768,task.semantic.000005:baseline:ctx032768:p050:seed1058,ab035ea3a5135430e48111eede34f3def137f36502d8a0b62af56c68efd921f3,0,0.0,0,0.0,0,1,exp_002,0,0.0,1,0,0.0,0,,30732959744.0,7.2604974945070095,,98.59519628133951,332.7646907500457,341.5795137078967,332.7646907500457,1,Q8_0,/Users/shotomorisaki/Engineering/qwen-meetup-tokyo/experiments/exp_002-quantization_llama_cpp_gguf/results/raw/full-capability.jsonl,0d222dfe0ff801c93d39f8d24d367dd013c02a860f982bf711dab0b77107c092,0.5,0,0.0,1,0,calibrated.v1,32768,data/tasks/core.v002.jsonl,7631adc23aab29b0a1b06fae51267a940aa9f86d58dbe830724a3a2bc8703512,task.semantic.000005,semantic_retrieval,q8_0,Q8_0
1.0,0.499267578125,1.0,1,1,6cb70620c7811dce01e1a622fe0a4f9ac445e31c569640c36ecfac85c4609b6c,29047084256,artifacts/q8_0.gguf,1,1,q8_0:ctx8192,task.semantic.000005:baseline:ctx008192:p050:seed1058,cce2bf1e2d86f62a11e90cdac85a8fc53959319f0c90c243603a83e1fa667b78,1,1.0,0,1.0,1,1,exp_002,0,0.0,1,1,1.0,0,,30681219072.0,8.057335335499172,,112.30819122753465,73.30720858392306,73.80365062505007,73.30720858392306,1,Q8_0,/Users/shotomorisaki/Engineering/qwen-meetup-tokyo/experiments/exp_002-quantization_llama_cpp_gguf/results/raw/full-capability.jsonl,0d222dfe0ff801c93d39f8d24d367dd013c02a860f982bf711dab0b77107c092,0.5,0,1.0,1,0,calibrated.v1,8192,data/tasks/core.v002.jsonl,7631adc23aab29b0a1b06fae51267a940aa9f86d58dbe830724a3a2bc8703512,task.semantic.000005,semantic_retrieval,q8_0,Q8_0
1.0,0.499755859375,1.0,1,1,8b259e30f860c924fa1fd12d459343e8c2520eb12741f943ad5dcea5d1c4d120,16810714336,artifacts/q4_k_m.gguf,1,1,q4_k_m:ctx32768,task.semantic.000006:baseline:ctx032768:p050:seed1059,5da6fa95823bb267079daa3e3c2aec7177d3abfdc0909382cb1dcab5bb865903,1,1.0,0,1.0,1,1,exp_002,0,0.0,1,1,1.0,0,,16636526592.0,10.213844712002867,,95.31093587490525,344.2417147499509,344.73124637501314,344.2417147499509,1,Q4_K_M,/Users/shotomorisaki/Engineering/qwen-meetup-tokyo/experiments/exp_002-quantization_llama_cpp_gguf/results/raw/full-capability.jsonl,0d222dfe0ff801c93d39f8d24d367dd013c02a860f982bf711dab0b77107c092,0.5,0,1.0,1,0,calibrated.v1,32768,data/tasks/core.v002.jsonl,7631adc23aab29b0a1b06fae51267a940aa9f86d58dbe830724a3a2bc8703512,task.semantic.000006,semantic_retrieval,q4_k_m,Q4_K_M
1.0,0.4990234375,1.0,1,1,8b259e30f860c924fa1fd12d459343e8c2520eb12741f943ad5dcea5d1c4d120,16810714336,artifacts/q4_k_m.gguf,1,1,q4_k_m:ctx8192,task.semantic.000006:baseline:ctx008192:p050:seed1059,04233973a07cfafa5b48be9d6d55ed8ce82d6c67526e4f09cfa39d428b36ee42,1,1.0,0,1.0,1,1,exp_002,0,0.0,1,1,1.0,0,,16621060096.0,12.20709332872478,,107.58155609634254,76.53728295792826,76.9468808749225,76.53728295792826,1,Q4_K_M,/Users/shotomorisaki/Engineering/qwen-meetup-tokyo/experiments/exp_002-quantization_llama_cpp_gguf/results/raw/full-capability.jsonl,0d222dfe0ff801c93d39f8d24d367dd013c02a860f982bf711dab0b77107c092,0.5,0,1.0,1,0,calibrated.v1,8192,data/tasks/core.v002.jsonl,7631adc23aab29b0a1b06fae51267a940aa9f86d58dbe830724a3a2bc8703512,task.semantic.000006,semantic_retrieval,q4_k_m,Q4_K_M
1.0,0.499755859375,1.0,1,1,48fbca2bc04f59297981aabd0dbbe5e51efa8df13595e7c694164e652c3879d6,19535701216,artifacts/q5_k_m.gguf,1,1,q5_k_m:ctx32768,task.semantic.000006:baseline:ctx032768:p050:seed1059,5da6fa95823bb267079daa3e3c2aec7177d3abfdc0909382cb1dcab5bb865903,1,1.0,0,1.0,1,1,exp_002,0,0.0,1,1,1.0,0,,20798373888.0,8.919206260255423,,88.5473399078395,370.5362581659574,371.0968461660668,370.5362581659574,1,Q5_K_M,/Users/shotomorisaki/Engineering/qwen-meetup-tokyo/experiments/exp_002-quantization_llama_cpp_gguf/results/raw/full-capability.jsonl,0d222dfe0ff801c93d39f8d24d367dd013c02a860f982bf711dab0b77107c092,0.5,0,1.0,1,0,calibrated.v1,32768,data/tasks/core.v002.jsonl,7631adc23aab29b0a1b06fae51267a940aa9f86d58dbe830724a3a2bc8703512,task.semantic.000006,semantic_retrieval,q5_k_m,Q5_K_M
1.0,0.4990234375,1.0,1,1,48fbca2bc04f59297981aabd0dbbe5e51efa8df13595e7c694164e652c3879d6,19535701216,artifacts/q5_k_m.gguf,1,1,q5_k_m:ctx8192,task.semantic.000006:baseline:ctx008192:p050:seed1059,04233973a07cfafa5b48be9d6d55ed8ce82d6c67526e4f09cfa39d428b36ee42,1,1.0,0,1.0,1,1,exp_002,0,0.0,1,1,1.0,0,,20758740992.0,10.34498454113705,,98.76167919239379,83.37241799989715,83.85574400005862,83.37241799989715,1,Q5_K_M,/Users/shotomorisaki/Engineering/qwen-meetup-tokyo/experiments/exp_002-quantization_llama_cpp_gguf/results/raw/full-capability.jsonl,0d222dfe0ff801c93d39f8d24d367dd013c02a860f982bf711dab0b77107c092,0.5,0,1.0,1,0,calibrated.v1,8192,data/tasks/core.v002.jsonl,7631adc23aab29b0a1b06fae51267a940aa9f86d58dbe830724a3a2bc8703512,task.semantic.000006,semantic_retrieval,q5_k_m,Q5_K_M
1.0,0.499755859375,1.0,1,1,1f6a8e5d44e8cea0927908fd701348906de3e705564611169cc324f4c8bf8722,22430999776,artifacts/q6_k.gguf,1,1,q6_k:ctx32768,task.semantic.000006:baseline:ctx032768:p050:seed1059,5da6fa95823bb267079daa3e3c2aec7177d3abfdc0909382cb1dcab5bb865903,1,1.0,0,1.0,1,1,exp_002,0,0.0,1,1,1.0,0,,24272945152.0,8.504172724604299,,91.83235353012006,357.2814889170695,357.86943558300845,357.2814889170695,1,Q6_K,/Users/shotomorisaki/Engineering/qwen-meetup-tokyo/experiments/exp_002-quantization_llama_cpp_gguf/results/raw/full-capability.jsonl,0d222dfe0ff801c93d39f8d24d367dd013c02a860f982bf711dab0b77107c092,0.5,0,1.0,1,0,calibrated.v1,32768,data/tasks/core.v002.jsonl,7631adc23aab29b0a1b06fae51267a940aa9f86d58dbe830724a3a2bc8703512,task.semantic.000006,semantic_retrieval,q6_k,Q6_K
1.0,0.4990234375,1.0,1,1,1f6a8e5d44e8cea0927908fd701348906de3e705564611169cc324f4c8bf8722,22430999776,artifacts/q6_k.gguf,1,1,q6_k:ctx8192,task.semantic.000006:baseline:ctx008192:p050:seed1059,04233973a07cfafa5b48be9d6d55ed8ce82d6c67526e4f09cfa39d428b36ee42,1,1.0,0,1.0,1,1,exp_002,0,0.0,1,1,1.0,0,,24235769856.0,9.834890212048736,,103.25994994669323,79.74049962498248,80.24889370892197,79.74049962498248,1,Q6_K,/Users/shotomorisaki/Engineering/qwen-meetup-tokyo/experiments/exp_002-quantization_llama_cpp_gguf/results/raw/full-capability.jsonl,0d222dfe0ff801c93d39f8d24d367dd013c02a860f982bf711dab0b77107c092,0.5,0,1.0,1,0,calibrated.v1,8192,data/tasks/core.v002.jsonl,7631adc23aab29b0a1b06fae51267a940aa9f86d58dbe830724a3a2bc8703512,task.semantic.000006,semantic_retrieval,q6_k,Q6_K
1.0,0.499755859375,1.0,1,1,6cb70620c7811dce01e1a622fe0a4f9ac445e31c569640c36ecfac85c4609b6c,29047084256,artifacts/q8_0.gguf,1,1,q8_0:ctx32768,task.semantic.000006:baseline:ctx032768:p050:seed1059,5da6fa95823bb267079daa3e3c2aec7177d3abfdc0909382cb1dcab5bb865903,1,1.0,0,1.0,1,1,exp_002,0,0.0,1,1,1.0,0,,30732959744.0,7.13610884895015,,98.61565233547752,332.70580504182726,333.40646700002253,332.70580504182726,1,Q8_0,/Users/shotomorisaki/Engineering/qwen-meetup-tokyo/experiments/exp_002-quantization_llama_cpp_gguf/results/raw/full-capability.jsonl,0d222dfe0ff801c93d39f8d24d367dd013c02a860f982bf711dab0b77107c092,0.5,0,1.0,1,0,calibrated.v1,32768,data/tasks/core.v002.jsonl,7631adc23aab29b0a1b06fae51267a940aa9f86d58dbe830724a3a2bc8703512,task.semantic.000006,semantic_retrieval,q8_0,Q8_0
1.0,0.4990234375,1.0,1,1,6cb70620c7811dce01e1a622fe0a4f9ac445e31c569640c36ecfac85c4609b6c,29047084256,artifacts/q8_0.gguf,1,1,q8_0:ctx8192,task.semantic.000006:baseline:ctx008192:p050:seed1059,04233973a07cfafa5b48be9d6d55ed8ce82d6c67526e4f09cfa39d428b36ee42,1,1.0,0,1.0,1,1,exp_002,0,0.0,1,1,1.0,0,,30681235456.0,8.073292581059619,,112.44900909406542,73.22430020803586,73.84362620790489,73.22430020803586,1,Q8_0,/Users/shotomorisaki/Engineering/qwen-meetup-tokyo/experiments/exp_002-quantization_llama_cpp_gguf/results/raw/full-capability.jsonl,0d222dfe0ff801c93d39f8d24d367dd013c02a860f982bf711dab0b77107c092,0.5,0,1.0,1,0,calibrated.v1,8192,data/tasks/core.v002.jsonl,7631adc23aab29b0a1b06fae51267a940aa9f86d58dbe830724a3a2bc8703512,task.semantic.000006,semantic_retrieval,q8_0,Q8_0
1.0,0.49981689453125,1.0,1,1,8b259e30f860c924fa1fd12d459343e8c2520eb12741f943ad5dcea5d1c4d120,16810714336,artifacts/q4_k_m.gguf,1,1,q4_k_m:ctx32768,task.semantic.000007:baseline:ctx032768:p050:seed1060,2eb9009816626081b0e971f649dec2203ebc1ed606279028f10c5b853f949048,1,1.0,0,1.0,1,1,exp_002,0,0.0,1,1,1.0,0,,16636559360.0,10.166422918278968,,95.17736076356115,344.7143284578342,345.00941749988124,344.7143284578342,1,Q4_K_M,/Users/shotomorisaki/Engineering/qwen-meetup-tokyo/experiments/exp_002-quantization_llama_cpp_gguf/results/raw/full-capability.jsonl,0d222dfe0ff801c93d39f8d24d367dd013c02a860f982bf711dab0b77107c092,0.5,0,1.0,1,0,calibrated.v1,32768,data/tasks/core.v002.jsonl,7631adc23aab29b0a1b06fae51267a940aa9f86d58dbe830724a3a2bc8703512,task.semantic.000007,semantic_retrieval,q4_k_m,Q4_K_M
1.0,0.499267578125,1.0,1,1,8b259e30f860c924fa1fd12d459343e8c2520eb12741f943ad5dcea5d1c4d120,16810714336,artifacts/q4_k_m.gguf,1,1,q4_k_m:ctx8192,task.semantic.000007:baseline:ctx008192:p050:seed1060,073ccd724a7db9fb5eb2b07f992af492ab4220f2759a0006994a2728ffbdaa1d,1,1.0,0,1.0,1,1,exp_002,0,0.0,1,1,1.0,0,,16621256704.0,12.159533077018112,,107.26606690583947,76.75307054212317,76.99979054206051,76.75307054212317,1,Q4_K_M,/Users/shotomorisaki/Engineering/qwen-meetup-tokyo/experiments/exp_002-quantization_llama_cpp_gguf/results/raw/full-capability.jsonl,0d222dfe0ff801c93d39f8d24d367dd013c02a860f982bf711dab0b77107c092,0.5,0,1.0,1,0,calibrated.v1,8192,data/tasks/core.v002.jsonl,7631adc23aab29b0a1b06fae51267a940aa9f86d58dbe830724a3a2bc8703512,task.semantic.000007,semantic_retrieval,q4_k_m,Q4_K_M
1.0,0.49981689453125,1.0,1,1,48fbca2bc04f59297981aabd0dbbe5e51efa8df13595e7c694164e652c3879d6,19535701216,artifacts/q5_k_m.gguf,1,1,q5_k_m:ctx32768,task.semantic.000007:baseline:ctx032768:p050:seed1060,2eb9009816626081b0e971f649dec2203ebc1ed606279028f10c5b853f949048,1,1.0,0,1.0,1,1,exp_002,0,0.0,1,1,1.0,0,,20801355776.0,8.891214884296042,,88.53732018878455,370.5668968751561,370.90430858312175,370.5668968751561,1,Q5_K_M,/Users/shotomorisaki/Engineering/qwen-meetup-tokyo/experiments/exp_002-quantization_llama_cpp_gguf/results/raw/full-capability.jsonl,0d222dfe0ff801c93d39f8d24d367dd013c02a860f982bf711dab0b77107c092,0.5,0,1.0,1,0,calibrated.v1,32768,data/tasks/core.v002.jsonl,7631adc23aab29b0a1b06fae51267a940aa9f86d58dbe830724a3a2bc8703512,task.semantic.000007,semantic_retrieval,q5_k_m,Q5_K_M
1.0,0.499267578125,1.0,1,1,48fbca2bc04f59297981aabd0dbbe5e51efa8df13595e7c694164e652c3879d6,19535701216,artifacts/q5_k_m.gguf,1,1,q5_k_m:ctx8192,task.semantic.000007:baseline:ctx008192:p050:seed1060,073ccd724a7db9fb5eb2b07f992af492ab4220f2759a0006994a2728ffbdaa1d,1,1.0,0,1.0,1,1,exp_002,0,0.0,1,1,1.0,0,,20761722880.0,10.251360522634998,,98.71381936346602,83.40270949993283,83.69535358296707,83.40270949993283,1,Q5_K_M,/Users/shotomorisaki/Engineering/qwen-meetup-tokyo/experiments/exp_002-quantization_llama_cpp_gguf/results/raw/full-capability.jsonl,0d222dfe0ff801c93d39f8d24d367dd013c02a860f982bf711dab0b77107c092,0.5,0,1.0,1,0,calibrated.v1,8192,data/tasks/core.v002.jsonl,7631adc23aab29b0a1b06fae51267a940aa9f86d58dbe830724a3a2bc8703512,task.semantic.000007,semantic_retrieval,q5_k_m,Q5_K_M
1.0,0.49981689453125,1.0,1,1,1f6a8e5d44e8cea0927908fd701348906de3e705564611169cc324f4c8bf8722,22430999776,artifacts/q6_k.gguf,1,1,q6_k:ctx32768,task.semantic.000007:baseline:ctx032768:p050:seed1060,2eb9009816626081b0e971f649dec2203ebc1ed606279028f10c5b853f949048,1,1.0,0,1.0,1,1,exp_002,0,0.0,1,1,1.0,0,,24272977920.0,8.476349168025193,,91.69075212124443,357.822345667053,358.176271625096,357.822345667053,1,Q6_K,/Users/shotomorisaki/Engineering/qwen-meetup-tokyo/experiments/exp_002-quantization_llama_cpp_gguf/results/raw/full-capability.jsonl,0d222dfe0ff801c93d39f8d24d367dd013c02a860f982bf711dab0b77107c092,0.5,0,1.0,1,0,calibrated.v1,32768,data/tasks/core.v002.jsonl,7631adc23aab29b0a1b06fae51267a940aa9f86d58dbe830724a3a2bc8703512,task.semantic.000007,semantic_retrieval,q6_k,Q6_K
1.0,0.499267578125,1.0,1,1,1f6a8e5d44e8cea0927908fd701348906de3e705564611169cc324f4c8bf8722,22430999776,artifacts/q6_k.gguf,1,1,q6_k:ctx8192,task.semantic.000007:baseline:ctx008192:p050:seed1060,073ccd724a7db9fb5eb2b07f992af492ab4220f2759a0006994a2728ffbdaa1d,1,1.0,0,1.0,1,1,exp_002,0,0.0,1,1,1.0,0,,24238768128.0,9.801762106581753,,103.47124352890039,79.5680009170901,79.87406833306886,79.5680009170901,1,Q6_K,/Users/shotomorisaki/Engineering/qwen-meetup-tokyo/experiments/exp_002-quantization_llama_cpp_gguf/results/raw/full-capability.jsonl,0d222dfe0ff801c93d39f8d24d367dd013c02a860f982bf711dab0b77107c092,0.5,0,1.0,1,0,calibrated.v1,8192,data/tasks/core.v002.jsonl,7631adc23aab29b0a1b06fae51267a940aa9f86d58dbe830724a3a2bc8703512,task.semantic.000007,semantic_retrieval,q6_k,Q6_K
1.0,0.49981689453125,1.0,1,1,6cb70620c7811dce01e1a622fe0a4f9ac445e31c569640c36ecfac85c4609b6c,29047084256,artifacts/q8_0.gguf,1,1,q8_0:ctx32768,task.semantic.000007:baseline:ctx032768:p050:seed1060,2eb9009816626081b0e971f649dec2203ebc1ed606279028f10c5b853f949048,1,1.0,0,1.0,1,1,exp_002,0,0.0,1,1,1.0,0,,30732959744.0,7.130184087127655,,98.57521712970996,332.8321352498606,333.2528817499988,332.8321352498606,1,Q8_0,/Users/shotomorisaki/Engineering/qwen-meetup-tokyo/experiments/exp_002-quantization_llama_cpp_gguf/results/raw/full-capability.jsonl,0d222dfe0ff801c93d39f8d24d367dd013c02a860f982bf711dab0b77107c092,0.5,0,1.0,1,0,calibrated.v1,32768,data/tasks/core.v002.jsonl,7631adc23aab29b0a1b06fae51267a940aa9f86d58dbe830724a3a2bc8703512,task.semantic.000007,semantic_retrieval,q8_0,Q8_0
1.0,0.499267578125,1.0,1,1,6cb70620c7811dce01e1a622fe0a4f9ac445e31c569640c36ecfac85c4609b6c,29047084256,artifacts/q8_0.gguf,1,1,q8_0:ctx8192,task.semantic.000007:baseline:ctx008192:p050:seed1060,073ccd724a7db9fb5eb2b07f992af492ab4220f2759a0006994a2728ffbdaa1d,1,1.0,0,1.0,1,1,exp_002,0,0.0,1,1,1.0,0,,30681251840.0,8.048534467834907,,112.41603803418589,73.23688099998981,73.60961966589093,73.23688099998981,1,Q8_0,/Users/shotomorisaki/Engineering/qwen-meetup-tokyo/experiments/exp_002-quantization_llama_cpp_gguf/results/raw/full-capability.jsonl,0d222dfe0ff801c93d39f8d24d367dd013c02a860f982bf711dab0b77107c092,0.5,0,1.0,1,0,calibrated.v1,8192,data/tasks/core.v002.jsonl,7631adc23aab29b0a1b06fae51267a940aa9f86d58dbe830724a3a2bc8703512,task.semantic.000007,semantic_retrieval,q8_0,Q8_0
0.0,0.49981689453125,1.0,1,1,8b259e30f860c924fa1fd12d459343e8c2520eb12741f943ad5dcea5d1c4d120,16810714336,artifacts/q4_k_m.gguf,1,1,q4_k_m:ctx32768,task.semantic.000008:baseline:ctx032768:p050:seed1061,1ea78fcf1a8b29d0b8b58356970df7ae0ccf3aeddc0cc1b583a76833f64fd51b,0,0.0,0,0.0,0,1,exp_002,0,0.0,1,1,1.0,0,,16636542976.0,10.230240063207368,,95.12006055108415,344.8904448749963,345.37919195904396,344.8904448749963,1,Q4_K_M,/Users/shotomorisaki/Engineering/qwen-meetup-tokyo/experiments/exp_002-quantization_llama_cpp_gguf/results/raw/full-capability.jsonl,0d222dfe0ff801c93d39f8d24d367dd013c02a860f982bf711dab0b77107c092,0.5,0,0.0,1,0,calibrated.v1,32768,data/tasks/core.v002.jsonl,7631adc23aab29b0a1b06fae51267a940aa9f86d58dbe830724a3a2bc8703512,task.semantic.000008,semantic_retrieval,q4_k_m,Q4_K_M
0.0,0.499267578125,1.0,1,1,8b259e30f860c924fa1fd12d459343e8c2520eb12741f943ad5dcea5d1c4d120,16810714336,artifacts/q4_k_m.gguf,1,1,q4_k_m:ctx8192,task.semantic.000008:baseline:ctx008192:p050:seed1061,1d526937b3af25c39fd321c2b4f2122093ab3c72468bc43ef680aa540af1c4a1,0,0.0,0,0.0,0,1,exp_002,0,0.0,1,1,1.0,0,,16621502464.0,12.221388008680465,,107.33547626508691,76.67548779188655,77.08460662490688,76.67548779188655,1,Q4_K_M,/Users/shotomorisaki/Engineering/qwen-meetup-tokyo/experiments/exp_002-quantization_llama_cpp_gguf/results/raw/full-capability.jsonl,0d222dfe0ff801c93d39f8d24d367dd013c02a860f982bf711dab0b77107c092,0.5,0,0.0,1,0,calibrated.v1,8192,data/tasks/core.v002.jsonl,7631adc23aab29b0a1b06fae51267a940aa9f86d58dbe830724a3a2bc8703512,task.semantic.000008,semantic_retrieval,q4_k_m,Q4_K_M
0.0,0.49981689453125,1.0,1,1,48fbca2bc04f59297981aabd0dbbe5e51efa8df13595e7c694164e652c3879d6,19535701216,artifacts/q5_k_m.gguf,1,1,q5_k_m:ctx32768,task.semantic.000008:baseline:ctx032768:p050:seed1061,1ea78fcf1a8b29d0b8b58356970df7ae0ccf3aeddc0cc1b583a76833f64fd51b,0,0.0,0,0.0,0,1,exp_002,0,0.0,1,1,1.0,0,,20804337664.0,8.897083550919234,,88.50096402943917,370.6852276669815,371.3596059579868,370.6852276669815,1,Q5_K_M,/Users/shotomorisaki/Engineering/qwen-meetup-tokyo/experiments/exp_002-quantization_llama_cpp_gguf/results/raw/full-capability.jsonl,0d222dfe0ff801c93d39f8d24d367dd013c02a860f982bf711dab0b77107c092,0.5,0,0.0,1,0,calibrated.v1,32768,data/tasks/core.v002.jsonl,7631adc23aab29b0a1b06fae51267a940aa9f86d58dbe830724a3a2bc8703512,task.semantic.000008,semantic_retrieval,q5_k_m,Q5_K_M
0.0,0.499267578125,1.0,1,1,48fbca2bc04f59297981aabd0dbbe5e51efa8df13595e7c694164e652c3879d6,19535701216,artifacts/q5_k_m.gguf,1,1,q5_k_m:ctx8192,task.semantic.000008:baseline:ctx008192:p050:seed1061,1d526937b3af25c39fd321c2b4f2122093ab3c72468bc43ef680aa540af1c4a1,0,0.0,0,0.0,0,1,exp_002,0,0.0,1,1,1.0,0,,20764704768.0,10.211604286331703,,98.82500837574356,83.27851558290422,83.86608241684735,83.27851558290422,1,Q5_K_M,/Users/shotomorisaki/Engineering/qwen-meetup-tokyo/experiments/exp_002-quantization_llama_cpp_gguf/results/raw/full-capability.jsonl,0d222dfe0ff801c93d39f8d24d367dd013c02a860f982bf711dab0b77107c092,0.5,0,0.0,1,0,calibrated.v1,8192,data/tasks/core.v002.jsonl,7631adc23aab29b0a1b06fae51267a940aa9f86d58dbe830724a3a2bc8703512,task.semantic.000008,semantic_retrieval,q5_k_m,Q5_K_M
0.0,0.49981689453125,1.0,1,1,1f6a8e5d44e8cea0927908fd701348906de3e705564611169cc324f4c8bf8722,22430999776,artifacts/q6_k.gguf,1,1,q6_k:ctx32768,task.semantic.000008:baseline:ctx032768:p050:seed1061,1ea78fcf1a8b29d0b8b58356970df7ae0ccf3aeddc0cc1b583a76833f64fd51b,0,0.0,0,0.0,0,1,exp_002,0,0.0,1,1,1.0,0,,24275943424.0,8.505752016020919,,91.63771009144372,357.9967239170801,358.70212891697884,357.9967239170801,1,Q6_K,/Users/shotomorisaki/Engineering/qwen-meetup-tokyo/experiments/exp_002-quantization_llama_cpp_gguf/results/raw/full-capability.jsonl,0d222dfe0ff801c93d39f8d24d367dd013c02a860f982bf711dab0b77107c092,0.5,0,0.0,1,0,calibrated.v1,32768,data/tasks/core.v002.jsonl,7631adc23aab29b0a1b06fae51267a940aa9f86d58dbe830724a3a2bc8703512,task.semantic.000008,semantic_retrieval,q6_k,Q6_K
0.0,0.499267578125,1.0,1,1,1f6a8e5d44e8cea0927908fd701348906de3e705564611169cc324f4c8bf8722,22430999776,artifacts/q6_k.gguf,1,1,q6_k:ctx8192,task.semantic.000008:baseline:ctx008192:p050:seed1061,1d526937b3af25c39fd321c2b4f2122093ab3c72468bc43ef680aa540af1c4a1,0,0.0,0,0.0,0,1,exp_002,0,0.0,1,1,1.0,0,,24241766400.0,9.822392047435066,,102.654234637755,80.17204579082318,80.78289495781064,80.17204579082318,1,Q6_K,/Users/shotomorisaki/Engineering/qwen-meetup-tokyo/experiments/exp_002-quantization_llama_cpp_gguf/results/raw/full-capability.jsonl,0d222dfe0ff801c93d39f8d24d367dd013c02a860f982bf711dab0b77107c092,0.5,0,0.0,1,0,calibrated.v1,8192,data/tasks/core.v002.jsonl,7631adc23aab29b0a1b06fae51267a940aa9f86d58dbe830724a3a2bc8703512,task.semantic.000008,semantic_retrieval,q6_k,Q6_K
0.0,0.49981689453125,1.0,1,1,6cb70620c7811dce01e1a622fe0a4f9ac445e31c569640c36ecfac85c4609b6c,29047084256,artifacts/q8_0.gguf,1,1,q8_0:ctx32768,task.semantic.000008:baseline:ctx032768:p050:seed1061,1ea78fcf1a8b29d0b8b58356970df7ae0ccf3aeddc0cc1b583a76833f64fd51b,0,0.0,0,0.0,0,1,exp_002,0,0.0,1,1,1.0,0,,30732959744.0,7.138216597271238,,97.92269373423814,335.01937854196876,335.85992462490685,335.01937854196876,1,Q8_0,/Users/shotomorisaki/Engineering/qwen-meetup-tokyo/experiments/exp_002-quantization_llama_cpp_gguf/results/raw/full-capability.jsonl,0d222dfe0ff801c93d39f8d24d367dd013c02a860f982bf711dab0b77107c092,0.5,0,0.0,1,0,calibrated.v1,32768,data/tasks/core.v002.jsonl,7631adc23aab29b0a1b06fae51267a940aa9f86d58dbe830724a3a2bc8703512,task.semantic.000008,semantic_retrieval,q8_0,Q8_0
0.0,0.499267578125,1.0,1,1,6cb70620c7811dce01e1a622fe0a4f9ac445e31c569640c36ecfac85c4609b6c,29047084256,artifacts/q8_0.gguf,1,1,q8_0:ctx8192,task.semantic.000008:baseline:ctx008192:p050:seed1061,1d526937b3af25c39fd321c2b4f2122093ab3c72468bc43ef680aa540af1c4a1,0,0.0,0,0.0,0,1,exp_002,0,0.0,1,1,1.0,0,,30681268224.0,8.042290383621477,,112.16553280297865,73.3736986250151,74.11975475004874,73.3736986250151,1,Q8_0,/Users/shotomorisaki/Engineering/qwen-meetup-tokyo/experiments/exp_002-quantization_llama_cpp_gguf/results/raw/full-capability.jsonl,0d222dfe0ff801c93d39f8d24d367dd013c02a860f982bf711dab0b77107c092,0.5,0,0.0,1,0,calibrated.v1,8192,data/tasks/core.v002.jsonl,7631adc23aab29b0a1b06fae51267a940aa9f86d58dbe830724a3a2bc8703512,task.semantic.000008,semantic_retrieval,q8_0,Q8_0
0.0,0.499847412109375,1.0,1,1,8b259e30f860c924fa1fd12d459343e8c2520eb12741f943ad5dcea5d1c4d120,16810714336,artifacts/q4_k_m.gguf,1,1,q4_k_m:ctx32768,task.semantic.000009:baseline:ctx032768:p050:seed1062,de42589a4892baa52c35835b449313796599ebb55297d1078b7774d3e90ae54e,0,0.0,0,0.0,0,1,exp_002,0,0.0,1,1,1.0,0,,16636526592.0,10.260936695635994,,95.17771745945477,344.70252991700545,345.0923578750808,344.70252991700545,1,Q4_K_M,/Users/shotomorisaki/Engineering/qwen-meetup-tokyo/experiments/exp_002-quantization_llama_cpp_gguf/results/raw/full-capability.jsonl,0d222dfe0ff801c93d39f8d24d367dd013c02a860f982bf711dab0b77107c092,0.5,0,0.0,1,0,calibrated.v1,32768,data/tasks/core.v002.jsonl,7631adc23aab29b0a1b06fae51267a940aa9f86d58dbe830724a3a2bc8703512,task.semantic.000009,semantic_retrieval,q4_k_m,Q4_K_M
0.0,0.4993896484375,1.0,1,1,8b259e30f860c924fa1fd12d459343e8c2520eb12741f943ad5dcea5d1c4d120,16810714336,artifacts/q4_k_m.gguf,1,1,q4_k_m:ctx8192,task.semantic.000009:baseline:ctx008192:p050:seed1062,ffa5dfdd51684a596111c62e7f334d0266e94d2a47380b9faeb9e033bf75d6aa,0,0.0,0,0.0,0,1,exp_002,0,0.0,1,1,1.0,0,,16621666304.0,12.199912356667737,,107.34362953818948,76.68829566705972,77.01616687490605,76.68829566705972,1,Q4_K_M,/Users/shotomorisaki/Engineering/qwen-meetup-tokyo/experiments/exp_002-quantization_llama_cpp_gguf/results/raw/full-capability.jsonl,0d222dfe0ff801c93d39f8d24d367dd013c02a860f982bf711dab0b77107c092,0.5,0,0.0,1,0,calibrated.v1,8192,data/tasks/core.v002.jsonl,7631adc23aab29b0a1b06fae51267a940aa9f86d58dbe830724a3a2bc8703512,task.semantic.000009,semantic_retrieval,q4_k_m,Q4_K_M
0.0,0.499847412109375,1.0,1,1,48fbca2bc04f59297981aabd0dbbe5e51efa8df13595e7c694164e652c3879d6,19535701216,artifacts/q5_k_m.gguf,1,1,q5_k_m:ctx32768,task.semantic.000009:baseline:ctx032768:p050:seed1062,de42589a4892baa52c35835b449313796599ebb55297d1078b7774d3e90ae54e,0,0.0,0,0.0,0,1,exp_002,0,0.0,1,1,1.0,0,,20807319552.0,9.107259025978143,,88.62204202539215,370.2013545411173,370.6405646249186,370.2013545411173,1,Q5_K_M,/Users/shotomorisaki/Engineering/qwen-meetup-tokyo/experiments/exp_002-quantization_llama_cpp_gguf/results/raw/full-capability.jsonl,0d222dfe0ff801c93d39f8d24d367dd013c02a860f982bf711dab0b77107c092,0.5,0,0.0,1,0,calibrated.v1,32768,data/tasks/core.v002.jsonl,7631adc23aab29b0a1b06fae51267a940aa9f86d58dbe830724a3a2bc8703512,task.semantic.000009,semantic_retrieval,q5_k_m,Q5_K_M
0.0,0.4993896484375,1.0,1,1,48fbca2bc04f59297981aabd0dbbe5e51efa8df13595e7c694164e652c3879d6,19535701216,artifacts/q5_k_m.gguf,1,1,q5_k_m:ctx8192,task.semantic.000009:baseline:ctx008192:p050:seed1062,ffa5dfdd51684a596111c62e7f334d0266e94d2a47380b9faeb9e033bf75d6aa,0,0.0,0,0.0,0,1,exp_002,0,0.0,1,1,1.0,0,,20767686656.0,10.360739366131362,,98.77112873959422,83.34419283294119,83.73026566603221,83.34419283294119,1,Q5_K_M,/Users/shotomorisaki/Engineering/qwen-meetup-tokyo/experiments/exp_002-quantization_llama_cpp_gguf/results/raw/full-capability.jsonl,0d222dfe0ff801c93d39f8d24d367dd013c02a860f982bf711dab0b77107c092,0.5,0,0.0,1,0,calibrated.v1,8192,data/tasks/core.v002.jsonl,7631adc23aab29b0a1b06fae51267a940aa9f86d58dbe830724a3a2bc8703512,task.semantic.000009,semantic_retrieval,q5_k_m,Q5_K_M
0.0,0.499847412109375,1.0,1,1,1f6a8e5d44e8cea0927908fd701348906de3e705564611169cc324f4c8bf8722,22430999776,artifacts/q6_k.gguf,1,1,q6_k:ctx32768,task.semantic.000009:baseline:ctx032768:p050:seed1062,de42589a4892baa52c35835b449313796599ebb55297d1078b7774d3e90ae54e,0,0.0,0,0.0,0,1,exp_002,0,0.0,1,1,1.0,0,,24278941696.0,8.497322053757067,,91.58178566872981,358.2371730408631,358.70790958288126,358.2371730408631,1,Q6_K,/Users/shotomorisaki/Engineering/qwen-meetup-tokyo/experiments/exp_002-quantization_llama_cpp_gguf/results/raw/full-capability.jsonl,0d222dfe0ff801c93d39f8d24d367dd013c02a860f982bf711dab0b77107c092,0.5,0,0.0,1,0,calibrated.v1,32768,data/tasks/core.v002.jsonl,7631adc23aab29b0a1b06fae51267a940aa9f86d58dbe830724a3a2bc8703512,task.semantic.000009,semantic_retrieval,q6_k,Q6_K
0.0,0.4993896484375,1.0,1,1,1f6a8e5d44e8cea0927908fd701348906de3e705564611169cc324f4c8bf8722,22430999776,artifacts/q6_k.gguf,1,1,q6_k:ctx8192,task.semantic.000009:baseline:ctx008192:p050:seed1062,ffa5dfdd51684a596111c62e7f334d0266e94d2a47380b9faeb9e033bf75d6aa,0,0.0,0,0.0,0,1,exp_002,0,0.0,1,1,1.0,0,,24244764672.0,9.836068590595797,,103.49159254816014,79.54269324988127,79.949359791819,79.54269324988127,1,Q6_K,/Users/shotomorisaki/Engineering/qwen-meetup-tokyo/experiments/exp_002-quantization_llama_cpp_gguf/results/raw/full-capability.jsonl,0d222dfe0ff801c93d39f8d24d367dd013c02a860f982bf711dab0b77107c092,0.5,0,0.0,1,0,calibrated.v1,8192,data/tasks/core.v002.jsonl,7631adc23aab29b0a1b06fae51267a940aa9f86d58dbe830724a3a2bc8703512,task.semantic.000009,semantic_retrieval,q6_k,Q6_K
0.0,0.499847412109375,1.0,1,1,6cb70620c7811dce01e1a622fe0a4f9ac445e31c569640c36ecfac85c4609b6c,29047084256,artifacts/q8_0.gguf,1,1,q8_0:ctx32768,task.semantic.000009:baseline:ctx032768:p050:seed1062,de42589a4892baa52c35835b449313796599ebb55297d1078b7774d3e90ae54e,0,0.0,0,0.0,0,1,exp_002,0,0.0,1,1,1.0,0,,30735958016.0,7.1308063996702105,,98.25663746731394,333.90110679203644,334.4620531669352,333.90110679203644,1,Q8_0,/Users/shotomorisaki/Engineering/qwen-meetup-tokyo/experiments/exp_002-quantization_llama_cpp_gguf/results/raw/full-capability.jsonl,0d222dfe0ff801c93d39f8d24d367dd013c02a860f982bf711dab0b77107c092,0.5,0,0.0,1,0,calibrated.v1,32768,data/tasks/core.v002.jsonl,7631adc23aab29b0a1b06fae51267a940aa9f86d58dbe830724a3a2bc8703512,task.semantic.000009,semantic_retrieval,q8_0,Q8_0
0.0,0.4993896484375,1.0,1,1,6cb70620c7811dce01e1a622fe0a4f9ac445e31c569640c36ecfac85c4609b6c,29047084256,artifacts/q8_0.gguf,1,1,q8_0:ctx8192,task.semantic.000009:baseline:ctx008192:p050:seed1062,ffa5dfdd51684a596111c62e7f334d0266e94d2a47380b9faeb9e033bf75d6aa,0,0.0,0,0.0,0,1,exp_002,0,0.0,1,1,1.0,0,,30684266496.0,8.050294212753494,,112.00692309478362,73.49545699986629,73.99233324988745,73.49545699986629,1,Q8_0,/Users/shotomorisaki/Engineering/qwen-meetup-tokyo/experiments/exp_002-quantization_llama_cpp_gguf/results/raw/full-capability.jsonl,0d222dfe0ff801c93d39f8d24d367dd013c02a860f982bf711dab0b77107c092,0.5,0,0.0,1,0,calibrated.v1,8192,data/tasks/core.v002.jsonl,7631adc23aab29b0a1b06fae51267a940aa9f86d58dbe830724a3a2bc8703512,task.semantic.000009,semantic_retrieval,q8_0,Q8_0
1.0,0.49981689453125,1.0,1,1,8b259e30f860c924fa1fd12d459343e8c2520eb12741f943ad5dcea5d1c4d120,16810714336,artifacts/q4_k_m.gguf,1,1,q4_k_m:ctx32768,task.semantic.000010:baseline:ctx032768:p050:seed1063,53bdec0fce2a85821460ca2120b3e304fbdfe68e33649df0344abf16fa41a653,1,1.0,0,1.0,1,1,exp_002,0,0.0,1,1,1.0,0,,16636526592.0,10.288892064597595,,95.16725360380461,344.761446375167,345.05302295903675,344.761446375167,1,Q4_K_M,/Users/shotomorisaki/Engineering/qwen-meetup-tokyo/experiments/exp_002-quantization_llama_cpp_gguf/results/raw/full-capability.jsonl,0d222dfe0ff801c93d39f8d24d367dd013c02a860f982bf711dab0b77107c092,0.5,0,1.0,1,0,calibrated.v1,32768,data/tasks/core.v002.jsonl,7631adc23aab29b0a1b06fae51267a940aa9f86d58dbe830724a3a2bc8703512,task.semantic.000010,semantic_retrieval,q4_k_m,Q4_K_M
1.0,0.499267578125,1.0,1,1,8b259e30f860c924fa1fd12d459343e8c2520eb12741f943ad5dcea5d1c4d120,16810714336,artifacts/q4_k_m.gguf,1,1,q4_k_m:ctx8192,task.semantic.000010:baseline:ctx008192:p050:seed1063,4d5854eae06a13a502f07c8055c070dff354a17a0f311c2d67721c1d07f59059,1,1.0,0,1.0,1,1,exp_002,0,0.0,1,1,1.0,0,,16621862912.0,12.162963416977668,,107.40452511653713,76.66343658301048,76.91008700011298,76.66343658301048,1,Q4_K_M,/Users/shotomorisaki/Engineering/qwen-meetup-tokyo/experiments/exp_002-quantization_llama_cpp_gguf/results/raw/full-capability.jsonl,0d222dfe0ff801c93d39f8d24d367dd013c02a860f982bf711dab0b77107c092,0.5,0,1.0,1,0,calibrated.v1,8192,data/tasks/core.v002.jsonl,7631adc23aab29b0a1b06fae51267a940aa9f86d58dbe830724a3a2bc8703512,task.semantic.000010,semantic_retrieval,q4_k_m,Q4_K_M
1.0,0.49981689453125,1.0,1,1,48fbca2bc04f59297981aabd0dbbe5e51efa8df13595e7c694164e652c3879d6,19535701216,artifacts/q5_k_m.gguf,1,1,q5_k_m:ctx32768,task.semantic.000010:baseline:ctx032768:p050:seed1063,53bdec0fce2a85821460ca2120b3e304fbdfe68e33649df0344abf16fa41a653,1,1.0,0,1.0,1,1,exp_002,0,0.0,1,1,1.0,0,,20810301440.0,8.854735845254396,,88.67087541574239,370.02003020909615,370.3588319590781,370.02003020909615,1,Q5_K_M,/Users/shotomorisaki/Engineering/qwen-meetup-tokyo/experiments/exp_002-quantization_llama_cpp_gguf/results/raw/full-capability.jsonl,0d222dfe0ff801c93d39f8d24d367dd013c02a860f982bf711dab0b77107c092,0.5,0,1.0,1,0,calibrated.v1,32768,data/tasks/core.v002.jsonl,7631adc23aab29b0a1b06fae51267a940aa9f86d58dbe830724a3a2bc8703512,task.semantic.000010,semantic_retrieval,q5_k_m,Q5_K_M
1.0,0.499267578125,1.0,1,1,48fbca2bc04f59297981aabd0dbbe5e51efa8df13595e7c694164e652c3879d6,19535701216,artifacts/q5_k_m.gguf,1,1,q5_k_m:ctx8192,task.semantic.000010:baseline:ctx008192:p050:seed1063,4d5854eae06a13a502f07c8055c070dff354a17a0f311c2d67721c1d07f59059,1,1.0,0,1.0,1,1,exp_002,0,0.0,1,1,1.0,0,,20770668544.0,10.417170014181357,,98.7387674376336,83.39176408294588,83.67975016706623,83.39176408294588,1,Q5_K_M,/Users/shotomorisaki/Engineering/qwen-meetup-tokyo/experiments/exp_002-quantization_llama_cpp_gguf/results/raw/full-capability.jsonl,0d222dfe0ff801c93d39f8d24d367dd013c02a860f982bf711dab0b77107c092,0.5,0,1.0,1,0,calibrated.v1,8192,data/tasks/core.v002.jsonl,7631adc23aab29b0a1b06fae51267a940aa9f86d58dbe830724a3a2bc8703512,task.semantic.000010,semantic_retrieval,q5_k_m,Q5_K_M
1.0,0.49981689453125,1.0,1,1,1f6a8e5d44e8cea0927908fd701348906de3e705564611169cc324f4c8bf8722,22430999776,artifacts/q6_k.gguf,1,1,q6_k:ctx32768,task.semantic.000010:baseline:ctx032768:p050:seed1063,53bdec0fce2a85821460ca2120b3e304fbdfe68e33649df0344abf16fa41a653,1,1.0,0,1.0,1,1,exp_002,0,0.0,1,1,1.0,0,,24281939968.0,8.498614648976336,,91.47045752494084,358.6950463328976,359.0480450419709,358.6950463328976,1,Q6_K,/Users/shotomorisaki/Engineering/qwen-meetup-tokyo/experiments/exp_002-quantization_llama_cpp_gguf/results/raw/full-capability.jsonl,0d222dfe0ff801c93d39f8d24d367dd013c02a860f982bf711dab0b77107c092,0.5,0,1.0,1,0,calibrated.v1,32768,data/tasks/core.v002.jsonl,7631adc23aab29b0a1b06fae51267a940aa9f86d58dbe830724a3a2bc8703512,task.semantic.000010,semantic_retrieval,q6_k,Q6_K
1.0,0.499267578125,1.0,1,1,1f6a8e5d44e8cea0927908fd701348906de3e705564611169cc324f4c8bf8722,22430999776,artifacts/q6_k.gguf,1,1,q6_k:ctx8192,task.semantic.000010:baseline:ctx008192:p050:seed1063,4d5854eae06a13a502f07c8055c070dff354a17a0f311c2d67721c1d07f59059,1,1.0,0,1.0,1,1,exp_002,0,0.0,1,1,1.0,0,,24247762944.0,9.77571123072355,,103.49545693253565,79.55904774996452,79.86593079194427,79.55904774996452,1,Q6_K,/Users/shotomorisaki/Engineering/qwen-meetup-tokyo/experiments/exp_002-quantization_llama_cpp_gguf/results/raw/full-capability.jsonl,0d222dfe0ff801c93d39f8d24d367dd013c02a860f982bf711dab0b77107c092,0.5,0,1.0,1,0,calibrated.v1,8192,data/tasks/core.v002.jsonl,7631adc23aab29b0a1b06fae51267a940aa9f86d58dbe830724a3a2bc8703512,task.semantic.000010,semantic_retrieval,q6_k,Q6_K
1.0,0.49981689453125,1.0,1,1,6cb70620c7811dce01e1a622fe0a4f9ac445e31c569640c36ecfac85c4609b6c,29047084256,artifacts/q8_0.gguf,1,1,q8_0:ctx32768,task.semantic.000010:baseline:ctx032768:p050:seed1063,53bdec0fce2a85821460ca2120b3e304fbdfe68e33649df0344abf16fa41a653,1,1.0,0,1.0,1,1,exp_002,0,0.0,1,1,1.0,0,,30738956288.0,7.133553103325762,,98.40987717293979,333.4014932499267,333.8220410409849,333.4014932499267,1,Q8_0,/Users/shotomorisaki/Engineering/qwen-meetup-tokyo/experiments/exp_002-quantization_llama_cpp_gguf/results/raw/full-capability.jsonl,0d222dfe0ff801c93d39f8d24d367dd013c02a860f982bf711dab0b77107c092,0.5,0,1.0,1,0,calibrated.v1,32768,data/tasks/core.v002.jsonl,7631adc23aab29b0a1b06fae51267a940aa9f86d58dbe830724a3a2bc8703512,task.semantic.000010,semantic_retrieval,q8_0,Q8_0
1.0,0.499267578125,1.0,1,1,6cb70620c7811dce01e1a622fe0a4f9ac445e31c569640c36ecfac85c4609b6c,29047084256,artifacts/q8_0.gguf,1,1,q8_0:ctx8192,task.semantic.000010:baseline:ctx008192:p050:seed1063,4d5854eae06a13a502f07c8055c070dff354a17a0f311c2d67721c1d07f59059,1,1.0,0,1.0,1,1,exp_002,0,0.0,1,1,1.0,0,,30687281152.0,8.080155137250184,,111.68762138038096,73.72347891586833,74.09475891594775,73.72347891586833,1,Q8_0,/Users/shotomorisaki/Engineering/qwen-meetup-tokyo/experiments/exp_002-quantization_llama_cpp_gguf/results/raw/full-capability.jsonl,0d222dfe0ff801c93d39f8d24d367dd013c02a860f982bf711dab0b77107c092,0.5,0,1.0,1,0,calibrated.v1,8192,data/tasks/core.v002.jsonl,7631adc23aab29b0a1b06fae51267a940aa9f86d58dbe830724a3a2bc8703512,task.semantic.000010,semantic_retrieval,q8_0,Q8_0
